id,起运港,目的港,船公司,目的港挂靠,航线代码,LINE,航程,船期,中转港,港区,20底,40底,40HQ底,起始日期,结束日期,供应商,备注,备注1,备注2
198493,ZHUHAI,RIYADH,PIL,,,中东,,2,,XIYU,820,1320,1320,08/22,08/25,中山海光,WRS USD50/100,,
198492,JIANGMEN,RIYADH,PIL,,,中东,,2,,GAOSHA,820,1320,1320,08/22,08/25,中山海光,WRS USD50/100,,
198491,ZHONGSHAN,RIYADH,PIL,,,中东,,2,,XiaoLan,820,1320,1320,08/22,08/25,中山海光,WRS USD50/100,,
198490,ZHONGSHAN,RIYADH,PIL,,,中东,,"3,5",,ZhongShanGang,820,1320,1320,08/22,08/25,中山海光,WRS USD50/100,,
13618,FOSHAN,DAMMAM,PIL,,,中东,17,3,NANSHA,JiuJiang,620,920,920,08/22,08/25,中山海光,"WRS USD50/100 wef 4/Aug,2019",,
13508,ZHUHAI,DAMMAM,PIL,,,中东,17,3,NANSHA,GAOLAN,670,1020,1020,08/22,08/25,中山海光,"WRS USD50/100 wef 4/Aug,2019",,
13399,ZHUHAI,DAMMAM,PIL,,,中东,17,3,NANSHA,XIYU,620,920,920,08/22,08/25,中山海光,"WRS USD50/100 wef 4/Aug,2019",,
13337,ZHUHAI,DAMMAM,PIL,,,中东,17,3,NANSHA,HONGWANG,620,920,920,08/22,08/25,中山海光,"WRS USD50/100 wef 4/Aug,2019",,
13275,JIANGMEN,DAMMAM,PIL,,,中东,17,3,NANSHA,GAOSHA,620,920,920,08/22,08/25,中山海光,"WRS USD50/100 wef 4/Aug,2019",,
13180,JIANGMEN,DAMMAM,PIL,,,中东,17,3,NANSHA,WAIHAI,620,920,920,08/22,08/25,中山海光,"WRS USD50/100 wef 4/Aug,2019",,
13134,ZHONGSHAN,DAMMAM,PIL,,,中东,17,3,NANSHA,ZhongShanGang,620,920,920,08/22,08/25,中山海光,"WRS USD50/100 wef 4/Aug,2019",,
13036,ZHONGSHAN,DAMMAM,PIL,,,中东,17,3,NANSHA,XiaoLan,620,920,920,08/22,08/25,中山海光,"WRS USD50/100 wef 4/Aug,2019",,
13619,FOSHAN,ABU DHABI,PIL,,,中东,15,3,NANSHA,JiuJiang,620,920,920,08/22,08/25,中山海光,WRS USD50/100,,
13509,ZHUHAI,ABU DHABI,PIL,,,中东,15,3,NANSHA,GAOLAN,670,1020,1020,08/22,08/25,中山海光,WRS USD50/100,,
13400,ZHUHAI,ABU DHABI,PIL,,,中东,15,3,NANSHA,XIYU,620,920,920,08/22,08/25,中山海光,WRS USD50/100,,
13338,ZHUHAI,ABU DHABI,PIL,,,中东,15,3,NANSHA,HONGWANG,620,920,920,08/22,08/25,中山海光,WRS USD50/100,,
13276,JIANGMEN,ABU DHABI,PIL,,,中东,15,3,NANSHA,GAOSHA,620,920,920,08/22,08/25,中山海光,WRS USD50/100,,
13181,JIANGMEN,ABU DHABI,PIL,,,中东,15,3,NANSHA,WAIHAI,620,920,920,08/22,08/25,中山海光,WRS USD50/100,,
13135,ZHONGSHAN,ABU DHABI,PIL,,,中东,15,3,NANSHA,ZhongShanGang,620,920,920,08/22,08/25,中山海光,WRS USD50/100,,
13006,ZHONGSHAN,ABU DHABI,PIL,,,中东,15,3,NANSHA,XiaoLan,620,920,920,08/22,08/25,中山海光,WRS USD50/100,,
13616,FOSHAN,JEBEL ALI,PIL,,,中东,13,3,NANSHA,JiuJiang,620,920,920,08/22,08/25,中山海光,"WRS USD50/100 wef 4/Aug,2019",,
13397,ZHUHAI,JEBEL ALI,PIL,,,中东,13,3,NANSHA,XIYU,620,920,920,08/22,08/25,中山海光,"WRS USD50/100 wef 4/Aug,2019",,
13335,ZHUHAI,JEBEL ALI,PIL,,,中东,13,3,NANSHA,HONGWANG,620,920,920,08/22,08/25,中山海光,"WRS USD50/100 wef 4/Aug,2019",,
13273,JIANGMEN,JEBEL ALI,PIL,,,中东,13,3,NANSHA,GAOSHA,620,920,920,08/22,08/25,中山海光,"WRS USD50/100 wef 4/Aug,2019",,
13178,JIANGMEN,JEBEL ALI,PIL,,,中东,13,3,NANSHA,WAIHAI,620,920,920,08/22,08/25,中山海光,"WRS USD50/100 wef 4/Aug,2019",,
13132,ZHONGSHAN,JEBEL ALI,PIL,,,中东,13,3,NANSHA,ZhongShanGang,620,920,920,08/22,08/25,中山海光,"WRS USD50/100 wef 4/Aug,2019",,
13004,ZHONGSHAN,JEBEL ALI,PIL,,,中东,13,3,NANSHA,XiaoLan,620,920,920,08/22,08/25,中山海光,"WRS USD50/100 wef 4/Aug,2019",,
152067,JIANGMEN,SOKHNA,EMC,,,红海,19,1,SHEKOU,GAOSHA,1020,1720,1720,07/08,08/21,中山海光,不免电放,,
152052,JIANGMEN,SOKHNA,EMC,,,红海,19,1,SHEKOU,WAIHAI,1020,1720,1720,07/08,08/21,中山海光,不免电放,,
152037,ZHUHAI,SOKHNA,EMC,,,红海,19,1,SHEKOU,HONGWANG,1020,1720,1720,07/08,08/21,中山海光,不免电放,,
152022,ZHUHAI,SOKHNA,EMC,,,红海,19,1,SHEKOU,XIYU,1020,1720,1720,07/08,08/21,中山海光,不免电放,,
152007,ZHONGSHAN,SOKHNA,EMC,,,红海,19,1,SHEKOU,HUANGPU ZS,1020,1720,1720,07/08,08/21,中山海光,不免电放,,
151992,ZHONGSHAN,SOKHNA,EMC,,,红海,19,1,SHEKOU,shenwan,1020,1720,1720,07/08,08/21,中山海光,不免电放,,
151977,ZHONGSHAN,SOKHNA,EMC,,,红海,19,1,SHEKOU,ZhongShanGang,1020,1720,1720,07/08,08/21,中山海光,不免电放,,
151962,ZHONGSHAN,SOKHNA,EMC,,,红海,19,1,SHEKOU,XiaoLan,1020,1720,1720,07/08,08/21,中山海光,不免电放,,
152068,JIANGMEN,AQABA,EMC,,,红海,22,1,SHEKOU,GAOSHA,1020,1720,1720,07/08,08/21,中山海光,不免电放,,
152053,JIANGMEN,AQABA,EMC,,,红海,22,1,SHEKOU,WAIHAI,1020,1720,1720,07/08,08/21,中山海光,不免电放,,
152038,ZHUHAI,AQABA,EMC,,,红海,22,1,SHEKOU,HONGWANG,1020,1720,1720,07/08,08/21,中山海光,不免电放,,
152023,ZHUHAI,AQABA,EMC,,,红海,22,1,SHEKOU,XIYU,1020,1720,1720,07/08,08/21,中山海光,不免电放,,
152008,ZHONGSHAN,AQABA,EMC,,,红海,22,1,SHEKOU,HUANGPU ZS,1020,1720,1720,07/08,08/21,中山海光,不免电放,,
151993,ZHONGSHAN,AQABA,EMC,,,红海,22,1,SHEKOU,shenwan,1020,1720,1720,07/08,08/21,中山海光,不免电放,,
151978,ZHONGSHAN,AQABA,EMC,,,红海,22,1,SHEKOU,ZhongShanGang,1020,1720,1720,07/08,08/21,中山海光,不免电放,,
151963,ZHONGSHAN,AQABA,EMC,,,红海,22,1,SHEKOU,XiaoLan,1020,1720,1720,07/08,08/21,中山海光,不免电放,,
152066,JIANGMEN,JEDDAH,EMC,,,红海,15,1,SHEKOU,GAOSHA,1020,1720,1720,07/01,08/21,中山海光,不免电放,,
152051,JIANGMEN,JEDDAH,EMC,,,红海,15,1,SHEKOU,WAIHAI,1020,1720,1720,07/01,08/21,中山海光,不免电放,,
152036,ZHUHAI,JEDDAH,EMC,,,红海,15,1,SHEKOU,HONGWANG,1020,1720,1720,07/01,08/21,中山海光,不免电放,,
152021,ZHUHAI,JEDDAH,EMC,,,红海,15,1,SHEKOU,XIYU,1020,1720,1720,07/01,08/21,中山海光,不免电放,,
152006,ZHONGSHAN,JEDDAH,EMC,,,红海,15,1,SHEKOU,HUANGPU ZS,1020,1720,1720,07/01,08/21,中山海光,不免电放,,
151991,ZHONGSHAN,JEDDAH,EMC,,,红海,15,1,SHEKOU,shenwan,1020,1720,1720,07/01,08/21,中山海光,不免电放,,
151976,ZHONGSHAN,JEDDAH,EMC,,,红海,15,1,SHEKOU,ZhongShanGang,1020,1720,1720,07/01,08/21,中山海光,不免电放,,
151961,ZHONGSHAN,JEDDAH,EMC,,,红海,15,1,SHEKOU,XiaoLan,1020,1720,1720,07/01,08/21,中山海光,不免电放,,
198045,SHENZHEN,SINGAPORE,ONE SZ,,SX1,新加坡,5,7,,SHEKOU,20,40,40,07/01,09/30,深圳海光,可以做SWB，目的港免柜默认14DET,价格以开船日为准,普重同价
198044,SHENZHEN,SINGAPORE,ONE SZ,,PMX,新加坡,5,1,,SHEKOU,20,40,40,07/01,09/30,深圳海光,可以做SWB，目的港免柜默认14DET,价格以开船日为准,普重同价
203676,SHENZHEN,SINGAPORE,ONE SZ,,FE2,新加坡,3,7,,YANTIAN,20,30,30,08/15,09/30,深圳海光,可以做SWB，目的港免柜默认14DET,价格以开船日为准,普重同价
138750,FOSHAN,SEMARANG,SITC,,,印尼,8,1,SHEKOU,JiuJiang,320,320,320,08/01,08/31,中山海光,,目的港费用 CIS65/130,"以下国家港口会收取超重费用：
菲律宾 / 印尼 /泰国 / 胡志明 / 海防  
货重等于或超过21000KGS(20GP) 或 24000KGS  (40GP 或40HQ )
收費標準: USD30 / 20’及 USD60 / 40’"
138688,FOSHAN,SEMARANG,SITC,,,印尼,8,1,SHEKOU,GAOMING,320,320,320,08/01,08/31,中山海光,,目的港费用 CIS65/130,"以下国家港口会收取超重费用：
菲律宾 / 印尼 /泰国 / 胡志明 / 海防  
货重等于或超过21000KGS(20GP) 或 24000KGS  (40GP 或40HQ )
收費標準: USD30 / 20’及 USD60 / 40’"
138657,FOSHAN,SEMARANG,SITC,,,印尼,8,1,SHEKOU,SanShui,320,320,320,08/01,08/31,中山海光,,目的港费用 CIS65/130,"以下国家港口会收取超重费用：
菲律宾 / 印尼 /泰国 / 胡志明 / 海防  
货重等于或超过21000KGS(20GP) 或 24000KGS  (40GP 或40HQ )
收費標準: USD30 / 20’及 USD60 / 40’"
138533,ZHUHAI,SEMARANG,SITC,,,印尼,8,1,SHEKOU,HONGWANG,320,320,320,08/01,08/31,中山海光,,目的港费用 CIS65/130,"以下国家港口会收取超重费用：
菲律宾 / 印尼 /泰国 / 胡志明 / 海防  
货重等于或超过21000KGS(20GP) 或 24000KGS  (40GP 或40HQ )
收費標準: USD30 / 20’及 USD60 / 40’"
138502,ZHUHAI,SEMARANG,SITC,,,印尼,8,1,SHEKOU,XIYU,320,320,320,08/01,08/31,中山海光,,目的港费用 CIS65/130,"以下国家港口会收取超重费用：
菲律宾 / 印尼 /泰国 / 胡志明 / 海防  
货重等于或超过21000KGS(20GP) 或 24000KGS  (40GP 或40HQ )
收費標準: USD30 / 20’及 USD60 / 40’"
138471,JIANGMEN,SEMARANG,SITC,,,印尼,8,1,SHEKOU,GAOSHA,320,320,320,08/01,08/31,中山海光,,目的港费用 CIS65/130,"以下国家港口会收取超重费用：
菲律宾 / 印尼 /泰国 / 胡志明 / 海防  
货重等于或超过21000KGS(20GP) 或 24000KGS  (40GP 或40HQ )
收費標準: USD30 / 20’及 USD60 / 40’"
13189,JIANGMEN,PORT SUDAN,PIL,,,红海,23,2,JEDDAH,WAIHAI,1670,2920,2920,08/19,08/25,中山海光,"THD USD133/205 + CGD USD150/300+ TDIS  +  LSSIncl CGD USD150/teu wef 5/Aug,2019Incl CGD USD150/teu","价格以开船日为准,含目的港DTHC USD133/205 OR 含目的港塞港费USD150/300","20GP限重货重21T,超过21T加USD55重柜费,40GP限货重25T，超过25T加USD55选柜费"
13143,ZHONGSHAN,PORT SUDAN,PIL,,,红海,23,2,JEDDAH,ZhongShanGang,1670,2920,2920,08/19,08/25,中山海光,"THD USD133/205 + CGD USD150/300+ TDIS  +  LSSIncl CGD USD150/teu wef 5/Aug,2019Incl CGD USD150/teu","价格以开船日为准,含目的港DTHC USD133/205 OR 含目的港塞港费USD150/300","20GP限重货重21T,超过21T加USD55重柜费,40GP限货重25T，超过25T加USD55选柜费"
13013,ZHONGSHAN,PORT SUDAN,PIL,,,红海,23,2,JEDDAH,XiaoLan,1670,2920,2920,08/19,08/25,中山海光,"THD USD133/205 + CGD USD150/300+ TDIS  +  LSSIncl CGD USD150/teu wef 5/Aug,2019Incl CGD USD150/teu","价格以开船日为准,含目的港DTHC USD133/205 OR 含目的港塞港费USD150/300","20GP限重货重21T,超过21T加USD55重柜费,40GP限货重25T，超过25T加USD55选柜费"
13628,FOSHAN,DJIBOUTI,PIL,,,红海,15,2,NANSHA,JiuJiang,1420,2420,2420,08/19,08/25,中山海光,OCD USD133/166 + TDIS + LSS,附加费还要收取：OCD USD133/166,
13409,ZHUHAI,DJIBOUTI,PIL,,,红海,15,2,NANSHA,XIYU,1420,2420,2420,08/19,08/25,中山海光,OCD USD133/166 + TDIS + LSS,附加费还要收取：OCD USD133/166,
13347,ZHUHAI,DJIBOUTI,PIL,,,红海,15,2,NANSHA,HONGWANG,1420,2420,2420,08/19,08/25,中山海光,OCD USD133/166 + TDIS + LSS,附加费还要收取：OCD USD133/166,
13285,JIANGMEN,DJIBOUTI,PIL,,,红海,15,2,NANSHA,GAOSHA,1420,2420,2420,08/19,08/25,中山海光,OCD USD133/166 + TDIS + LSS,附加费还要收取：OCD USD133/166,
13190,JIANGMEN,DJIBOUTI,PIL,,,红海,15,2,NANSHA,WAIHAI,1420,2420,2420,08/19,08/25,中山海光,OCD USD133/166 + TDIS + LSS,附加费还要收取：OCD USD133/166,
13144,ZHONGSHAN,DJIBOUTI,PIL,,,红海,15,2,NANSHA,ZhongShanGang,1420,2420,2420,08/19,08/25,中山海光,OCD USD133/166 + TDIS + LSS,附加费还要收取：OCD USD133/166,
13014,ZHONGSHAN,DJIBOUTI,PIL,,,红海,15,2,NANSHA,XiaoLan,1420,2420,2420,08/19,08/25,中山海光,OCD USD133/166 + TDIS + LSS,附加费还要收取：OCD USD133/166,
138440,JIANGMEN,SEMARANG,SITC,,,印尼,8,1,SHEKOU,WAIHAI,320,320,320,08/01,08/31,中山海光,,目的港费用 CIS65/130,"以下国家港口会收取超重费用：
菲律宾 / 印尼 /泰国 / 胡志明 / 海防  
货重等于或超过21000KGS(20GP) 或 24000KGS  (40GP 或40HQ )
收費標準: USD30 / 20’及 USD60 / 40’"
13626,FOSHAN,SOKHNA,PIL,,,红海,22,2,NANSHA,JiuJiang,1170,1920,1920,08/19,08/25,中山海光,,,
138409,ZHONGSHAN,SEMARANG,SITC,,,印尼,8,1,SHEKOU,HUANGPU ZS,320,320,320,08/01,08/31,中山海光,,目的港费用 CIS65/130,"以下国家港口会收取超重费用：
菲律宾 / 印尼 /泰国 / 胡志明 / 海防  
货重等于或超过21000KGS(20GP) 或 24000KGS  (40GP 或40HQ )
收費標準: USD30 / 20’及 USD60 / 40’"
13407,ZHUHAI,SOKHNA,PIL,,,红海,22,2,NANSHA,XIYU,1170,1920,1920,08/19,08/25,中山海光,,,
138378,ZHONGSHAN,SEMARANG,SITC,,,印尼,8,1,SHEKOU,shenwan,320,320,320,08/01,08/31,中山海光,,目的港费用 CIS65/130,"以下国家港口会收取超重费用：
菲律宾 / 印尼 /泰国 / 胡志明 / 海防  
货重等于或超过21000KGS(20GP) 或 24000KGS  (40GP 或40HQ )
收費標準: USD30 / 20’及 USD60 / 40’"
13345,ZHUHAI,SOKHNA,PIL,,,红海,22,2,NANSHA,HONGWANG,1170,1920,1920,08/19,08/25,中山海光,,,
13283,JIANGMEN,SOKHNA,PIL,,,红海,22,2,NANSHA,GAOSHA,1170,1920,1920,08/19,08/25,中山海光,,,
138347,ZHONGSHAN,SEMARANG,SITC,,,印尼,8,1,SHEKOU,XiaoLan,320,320,320,08/01,08/31,中山海光,,目的港费用 CIS65/130,"以下国家港口会收取超重费用：
菲律宾 / 印尼 /泰国 / 胡志明 / 海防  
货重等于或超过21000KGS(20GP) 或 24000KGS  (40GP 或40HQ )
收費標準: USD30 / 20’及 USD60 / 40’"
13188,JIANGMEN,SOKHNA,PIL,,,红海,22,2,NANSHA,WAIHAI,1170,1920,1920,08/19,08/25,中山海光,,,
138316,ZHONGSHAN,SEMARANG,SITC,,,印尼,8,1,SHEKOU,ZhongShanGang,320,320,320,08/01,08/31,中山海光,,目的港费用 CIS65/130,"以下国家港口会收取超重费用：
菲律宾 / 印尼 /泰国 / 胡志明 / 海防  
货重等于或超过21000KGS(20GP) 或 24000KGS  (40GP 或40HQ )
收費標準: USD30 / 20’及 USD60 / 40’"
13142,ZHONGSHAN,SOKHNA,PIL,,,红海,22,2,NANSHA,ZhongShanGang,1170,1920,1920,08/19,08/25,中山海光,,,
50085,SHENZHEN,PASIR GUDANG,IAL,,SIII (N3),马来西亚,6,5,,SHEKOU,110,190,190,08/15,08/31,深圳海光,,,"小柜22T以上,要加重柜费30USD 大柜可接到26T"
13012,ZHONGSHAN,SOKHNA,PIL,,,红海,22,2,NANSHA,XiaoLan,1170,1920,1920,08/19,08/25,中山海光,,,
13627,FOSHAN,PORT SUDAN,PIL,,,红海,23,2,JEDDAH,JiuJiang,1670,2920,2920,08/19,08/25,中山海光,"THD USD133/205 + CGD USD150/300+ TDIS  +  LSSIncl CGD USD150/teu wef 5/Aug,2019Incl CGD USD150/teu","价格以开船日为准,含目的港DTHC USD133/205 OR 含目的港塞港费USD150/300","20GP限重货重21T,超过21T加USD55重柜费,40GP限货重25T，超过25T加USD55选柜费"
13625,FOSHAN,AQABA,PIL,,,红海,24,2,NANSHA,JiuJiang,1220,2020,2020,08/19,08/25,中山海光,,,
13408,ZHUHAI,PORT SUDAN,PIL,,,红海,23,2,JEDDAH,XIYU,1670,2920,2920,08/19,08/25,中山海光,"THD USD133/205 + CGD USD150/300+ TDIS  +  LSSIncl CGD USD150/teu wef 5/Aug,2019Incl CGD USD150/teu","价格以开船日为准,含目的港DTHC USD133/205 OR 含目的港塞港费USD150/300","20GP限重货重21T,超过21T加USD55重柜费,40GP限货重25T，超过25T加USD55选柜费"
13406,ZHUHAI,AQABA,PIL,,,红海,24,2,NANSHA,XIYU,1220,2020,2020,08/19,08/25,中山海光,,,
13346,ZHUHAI,PORT SUDAN,PIL,,,红海,23,2,JEDDAH,HONGWANG,1670,2920,2920,08/19,08/25,中山海光,"THD USD133/205 + CGD USD150/300+ TDIS  +  LSSIncl CGD USD150/teu wef 5/Aug,2019Incl CGD USD150/teu","价格以开船日为准,含目的港DTHC USD133/205 OR 含目的港塞港费USD150/300","20GP限重货重21T,超过21T加USD55重柜费,40GP限货重25T，超过25T加USD55选柜费"
13344,ZHUHAI,AQABA,PIL,,,红海,24,2,NANSHA,HONGWANG,1220,2020,2020,08/19,08/25,中山海光,,,
13284,JIANGMEN,PORT SUDAN,PIL,,,红海,23,2,JEDDAH,GAOSHA,1670,2920,2920,08/19,08/25,中山海光,"THD USD133/205 + CGD USD150/300+ TDIS  +  LSSIncl CGD USD150/teu wef 5/Aug,2019Incl CGD USD150/teu","价格以开船日为准,含目的港DTHC USD133/205 OR 含目的港塞港费USD150/300","20GP限重货重21T,超过21T加USD55重柜费,40GP限货重25T，超过25T加USD55选柜费"
13282,JIANGMEN,AQABA,PIL,,,红海,24,2,NANSHA,GAOSHA,1220,2020,2020,08/19,08/25,中山海光,,,
13187,JIANGMEN,AQABA,PIL,,,红海,24,2,NANSHA,WAIHAI,1220,2020,2020,08/19,08/25,中山海光,,,
13141,ZHONGSHAN,AQABA,PIL,,,红海,24,2,NANSHA,ZhongShanGang,1220,2020,2020,08/19,08/25,中山海光,,,
13011,ZHONGSHAN,AQABA,PIL,,,红海,24,2,NANSHA,XiaoLan,1220,2020,2020,08/19,08/25,中山海光,,,
13624,FOSHAN,JEDDAH,PIL,,,红海,18,2,NANSHA,JiuJiang,1170,1920,1920,08/19,08/25,中山海光,,,
13514,ZHUHAI,JEDDAH,PIL,,,红海,18,2,NANSHA,GAOLAN,1220,2020,2020,08/19,08/25,中山海光,,,
13405,ZHUHAI,JEDDAH,PIL,,,红海,18,2,NANSHA,XIYU,1170,1920,1920,08/19,08/25,中山海光,,,
13343,ZHUHAI,JEDDAH,PIL,,,红海,18,2,NANSHA,HONGWANG,1170,1920,1920,08/19,08/25,中山海光,,,
13281,JIANGMEN,JEDDAH,PIL,,,红海,18,2,NANSHA,GAOSHA,1170,1920,1920,08/19,08/25,中山海光,,,
13186,JIANGMEN,JEDDAH,PIL,,,红海,18,2,NANSHA,WAIHAI,1170,1920,1920,08/19,08/25,中山海光,,,
13140,ZHONGSHAN,JEDDAH,PIL,,,红海,18,2,NANSHA,ZhongShanGang,1170,1920,1920,08/19,08/25,中山海光,,,
13010,ZHONGSHAN,JEDDAH,PIL,,,红海,18,2,NANSHA,XiaoLan,1170,1920,1920,08/19,08/25,中山海光,,,
31589,ZHONGSHAN,DAR ES SALAAM,PIL,,,东非,25,3,SINGAPORE,ZhongShanGang,1400,2350,2350,08/19,08/31,中山海光,,,
31526,ZHONGSHAN,DAR ES SALAAM,PIL,,,东非,25,3,SINGAPORE,XiaoLan,1400,2350,2350,08/19,08/31,中山海光,,,
31463,ZHUHAI,DAR ES SALAAM,PIL,,,东非,25,3,SINGAPORE,XIYU,1400,2350,2350,08/19,08/31,中山海光,,,
31369,JIANGMEN,DAR ES SALAAM,PIL,,,东非,25,3,SINGAPORE,WAIHAI,1400,2350,2350,08/19,08/31,中山海光,,,
31180,FOSHAN,DAR ES SALAAM,PIL,,,东非,25,3,SINGAPORE,JiuJiang,1400,2350,2350,08/19,08/31,中山海光,,,
31117,ZHUHAI,DAR ES SALAAM,PIL,,,东非,25,3,SINGAPORE,HONGWANG,1400,2350,2350,08/19,08/31,中山海光,,,
31054,JIANGMEN,DAR ES SALAAM,PIL,,,东非,25,3,SINGAPORE,GAOSHA,1400,2350,2350,08/19,08/31,中山海光,,,
30626,ZHUHAI,DAR ES SALAAM,PIL,,,东非,25,3,SINGAPORE,GAOLAN,1450,2450,2450,08/19,08/31,中山海光,,,
13630,FOSHAN,DAR ES SALAAM,PIL,,,东非,22,3,NANSHA,JiuJiang,1400,2350,2350,08/19,08/31,中山海光,,,
13520,ZHUHAI,DAR ES SALAAM,PIL,,,东非,22,3,NANSHA,GAOLAN,1450,2450,2450,08/19,08/31,中山海光,,,
13411,ZHUHAI,DAR ES SALAAM,PIL,,,东非,22,3,NANSHA,XIYU,1400,2350,2350,08/19,08/31,中山海光,,,
13349,ZHUHAI,DAR ES SALAAM,PIL,,,东非,22,3,NANSHA,HONGWANG,1400,2350,2350,08/19,08/31,中山海光,,,
13287,JIANGMEN,DAR ES SALAAM,PIL,,,东非,22,3,NANSHA,GAOSHA,1400,2350,2350,08/19,08/31,中山海光,,,
13192,JIANGMEN,DAR ES SALAAM,PIL,,,东非,22,3,NANSHA,WAIHAI,1400,2350,2350,08/19,08/31,中山海光,,,
13146,ZHONGSHAN,DAR ES SALAAM,PIL,,,东非,22,3,NANSHA,ZhongShanGang,1400,2350,2350,08/19,08/31,中山海光,,,
13016,ZHONGSHAN,DAR ES SALAAM,PIL,,,东非,22,3,NANSHA,XiaoLan,1400,2350,2350,08/19,08/31,中山海光,,,
13631,FOSHAN,MOMBASA,PIL,,,东非,18,7,NANSHA,JiuJiang,1350,2250,2250,08/19,08/31,中山海光,,,
13521,ZHUHAI,MOMBASA,PIL,,,东非,18,7,NANSHA,GAOLAN,1400,2350,2350,08/19,08/31,中山海光,,,
13412,ZHUHAI,MOMBASA,PIL,,,东非,18,7,NANSHA,XIYU,1350,2250,2250,08/19,08/31,中山海光,,,
13350,ZHUHAI,MOMBASA,PIL,,,东非,18,7,NANSHA,HONGWANG,1350,2250,2250,08/19,08/31,中山海光,,,
13288,JIANGMEN,MOMBASA,PIL,,,东非,18,7,NANSHA,GAOSHA,1350,2250,2250,08/19,08/31,中山海光,,,
13193,JIANGMEN,MOMBASA,PIL,,,东非,18,7,NANSHA,WAIHAI,1350,2250,2250,08/19,08/31,中山海光,,,
13147,ZHONGSHAN,MOMBASA,PIL,,,东非,18,7,NANSHA,ZhongShanGang,1350,2250,2250,08/19,08/31,中山海光,,,
13017,ZHONGSHAN,MOMBASA,PIL,,,东非,18,7,NANSHA,XiaoLan,1350,2250,2250,08/19,08/31,中山海光,,,
203673,SHENZHEN,KOBE,ONE SZ,,JSM,日本,8,2,,SHEKOU,50,90,90,09/01,09/30,深圳海光,可以做SWB,价格以开船日为准,普重同价
203672,SHENZHEN,NAGOYA,ONE SZ,,JSM,日本,7,2,,SHEKOU,50,90,90,09/01,09/30,深圳海光,可以做SWB,价格以开船日为准,普重同价
203671,SHENZHEN,SHIMIZU,ONE SZ,,JSM,日本,6,2,,SHEKOU,50,90,90,09/01,09/30,深圳海光,可以做SWB,价格以开船日为准,普重同价
203670,SHENZHEN,TOKYO,ONE SZ,,JSM,日本,5,2,,SHEKOU,50,90,90,09/01,09/30,深圳海光,可以做SWB,价格以开船日为准,普重同价
203669,SHENZHEN,YOKOHAMA,ONE SZ,,JSM,日本,4,2,,SHEKOU,50,90,90,09/01,09/30,深圳海光,可以做SWB,价格以开船日为准,普重同价
201163,ZHONGSHAN,MOJI,COSCO,,JCV,日本,9,4,NANSHA,XiaoLan,70,120,120,08/01,08/31,深圳海光,"免电放,目的港免柜默认10DEM+5DET工作日",,20-25吨（含柜重）需另收超重费USD25/20GP；超过25吨加超重费USD50/20GP
201162,ZHONGSHAN,NAGOYA,COSCO,,JCV,日本,8,4,NANSHA,XiaoLan,70,120,120,08/01,08/31,深圳海光,"免电放,目的港免柜默认10DEM+5DET工作日",,20-25吨（含柜重）需另收超重费USD25/20GP；超过25吨加超重费USD50/20GP
201161,ZHONGSHAN,YOKOHAMA,COSCO,,JCV,日本,7,4,NANSHA,XiaoLan,70,120,120,08/01,08/31,深圳海光,"免电放,目的港免柜默认10DEM+5DET工作日",,20-25吨（含柜重）需另收超重费USD25/20GP；超过25吨加超重费USD50/20GP
201160,ZHONGSHAN,TOKYO,COSCO,,JCV,日本,6,4,NANSHA,XiaoLan,70,120,120,08/01,08/31,深圳海光,"免电放,目的港免柜默认10DEM+5DET工作日",,20-25吨（含柜重）需另收超重费USD25/20GP；超过25吨加超重费USD50/20GP
201098,ZHUHAI,MOJI,COSCO,,JCV,日本,9,4,NANSHA,HONGWANG,70,120,120,08/01,08/31,深圳海光,"免电放,目的港免柜默认10DEM+5DET工作日",,20-25吨（含柜重）需另收超重费USD25/20GP；超过25吨加超重费USD50/20GP
201097,ZHUHAI,MOJI,COSCO,,JCV,日本,9,4,NANSHA,XIYU,70,120,120,08/01,08/31,深圳海光,"免电放,目的港免柜默认10DEM+5DET工作日",,20-25吨（含柜重）需另收超重费USD25/20GP；超过25吨加超重费USD50/20GP
201096,ZHUHAI,MOJI,COSCO,,JCV,日本,9,4,NANSHA,GAOLAN,70,120,120,08/01,08/31,深圳海光,"免电放,目的港免柜默认10DEM+5DET工作日",,20-25吨（含柜重）需另收超重费USD25/20GP；超过25吨加超重费USD50/20GP
201095,ZHONGSHAN,MOJI,COSCO,,JCV,日本,9,4,NANSHA,ZhongShanGang,70,120,120,08/01,08/31,深圳海光,"免电放,目的港免柜默认10DEM+5DET工作日",,20-25吨（含柜重）需另收超重费USD25/20GP；超过25吨加超重费USD50/20GP
201091,JIANGMEN,MOJI,COSCO,,JCV,日本,9,4,NANSHA,WAIHAI,70,120,120,08/01,08/31,深圳海光,"免电放,目的港免柜默认10DEM+5DET工作日",,20-25吨（含柜重）需另收超重费USD25/20GP；超过25吨加超重费USD50/20GP
201077,ZHONGSHAN,NAGOYA,COSCO,,JCV,日本,8,4,NANSHA,ZhongShanGang,70,120,120,08/01,08/31,深圳海光,"免电放,目的港免柜默认10DEM+5DET工作日",,20-25吨（含柜重）需另收超重费USD25/20GP；超过25吨加超重费USD50/20GP
201073,JIANGMEN,NAGOYA,COSCO,,JCV,日本,8,4,NANSHA,WAIHAI,70,120,120,08/01,08/31,深圳海光,"免电放,目的港免柜默认10DEM+5DET工作日",,20-25吨（含柜重）需另收超重费USD25/20GP；超过25吨加超重费USD50/20GP
201072,JIANGMEN,NAGOYA,COSCO,,JCV,日本,8,4,NANSHA,GAOSHA,70,120,120,08/01,08/31,深圳海光,"免电放,目的港免柜默认10DEM+5DET工作日",,20-25吨（含柜重）需另收超重费USD25/20GP；超过25吨加超重费USD50/20GP
201071,GUANGZHOU,NAGOYA,COSCO,,JCV,日本,8,4,NANSHA,HuangPu,70,120,120,08/01,08/31,深圳海光,"免电放,目的港免柜默认10DEM+5DET工作日",,20-25吨（含柜重）需另收超重费USD25/20GP；超过25吨加超重费USD50/20GP
201070,FOSHAN,NAGOYA,COSCO,,JCV,日本,8,4,NANSHA,JiuJiang,70,120,120,08/01,08/31,深圳海光,"免电放,目的港免柜默认10DEM+5DET工作日",,20-25吨（含柜重）需另收超重费USD25/20GP；超过25吨加超重费USD50/20GP
201069,FOSHAN,NAGOYA,COSCO,,JCV,日本,8,4,NANSHA,SANSHAN,70,120,120,08/01,08/31,深圳海光,"免电放,目的港免柜默认10DEM+5DET工作日",,20-25吨（含柜重）需另收超重费USD25/20GP；超过25吨加超重费USD50/20GP
201061,ZHUHAI,YOKOHAMA,COSCO,,JCV,日本,7,4,NANSHA,XIYU,70,120,120,08/01,08/31,深圳海光,"免电放,目的港免柜默认10DEM+5DET工作日",,20-25吨（含柜重）需另收超重费USD25/20GP；超过25吨加超重费USD50/20GP
201068,FOSHAN,NAGOYA,COSCO,,JCV,日本,8,4,NANSHA,LanShi,70,120,120,08/01,08/31,深圳海光,"免电放,目的港免柜默认10DEM+5DET工作日",,20-25吨（含柜重）需另收超重费USD25/20GP；超过25吨加超重费USD50/20GP
201060,ZHUHAI,YOKOHAMA,COSCO,,JCV,日本,7,4,NANSHA,GAOLAN,70,120,120,08/01,08/31,深圳海光,"免电放,目的港免柜默认10DEM+5DET工作日",,20-25吨（含柜重）需另收超重费USD25/20GP；超过25吨加超重费USD50/20GP
201067,FOSHAN,NAGOYA,COSCO,,JCV,日本,8,4,NANSHA,GAOMING,70,120,120,08/01,08/31,深圳海光,"免电放,目的港免柜默认10DEM+5DET工作日",,20-25吨（含柜重）需另收超重费USD25/20GP；超过25吨加超重费USD50/20GP
201059,ZHONGSHAN,YOKOHAMA,COSCO,,JCV,日本,7,4,NANSHA,ZhongShanGang,70,120,120,08/01,08/31,深圳海光,"免电放,目的港免柜默认10DEM+5DET工作日",,20-25吨（含柜重）需另收超重费USD25/20GP；超过25吨加超重费USD50/20GP
201055,JIANGMEN,YOKOHAMA,COSCO,,JCV,日本,7,4,NANSHA,WAIHAI,70,120,120,08/01,08/31,深圳海光,"免电放,目的港免柜默认10DEM+5DET工作日",,20-25吨（含柜重）需另收超重费USD25/20GP；超过25吨加超重费USD50/20GP
201066,FOSHAN,NAGOYA,COSCO,,JCV,日本,8,4,NANSHA,SanShui,70,120,120,08/01,08/31,深圳海光,"免电放,目的港免柜默认10DEM+5DET工作日",,20-25吨（含柜重）需另收超重费USD25/20GP；超过25吨加超重费USD50/20GP
201054,JIANGMEN,YOKOHAMA,COSCO,,JCV,日本,7,4,NANSHA,GAOSHA,70,120,120,08/01,08/31,深圳海光,"免电放,目的港免柜默认10DEM+5DET工作日",,20-25吨（含柜重）需另收超重费USD25/20GP；超过25吨加超重费USD50/20GP
201062,ZHUHAI,YOKOHAMA,COSCO,,JCV,日本,7,4,NANSHA,HONGWANG,70,120,120,08/01,08/31,深圳海光,"免电放,目的港免柜默认10DEM+5DET工作日",,20-25吨（含柜重）需另收超重费USD25/20GP；超过25吨加超重费USD50/20GP
201053,GUANGZHOU,YOKOHAMA,COSCO,,JCV,日本,7,4,NANSHA,HuangPu,70,120,120,08/01,08/31,深圳海光,"免电放,目的港免柜默认10DEM+5DET工作日",,20-25吨（含柜重）需另收超重费USD25/20GP；超过25吨加超重费USD50/20GP
201052,FOSHAN,YOKOHAMA,COSCO,,JCV,日本,7,4,NANSHA,JiuJiang,70,120,120,08/01,08/31,深圳海光,"免电放,目的港免柜默认10DEM+5DET工作日",,20-25吨（含柜重）需另收超重费USD25/20GP；超过25吨加超重费USD50/20GP
201051,FOSHAN,YOKOHAMA,COSCO,,JCV,日本,7,4,NANSHA,SANSHAN,70,120,120,08/01,08/31,深圳海光,"免电放,目的港免柜默认10DEM+5DET工作日",,20-25吨（含柜重）需另收超重费USD25/20GP；超过25吨加超重费USD50/20GP
201050,FOSHAN,YOKOHAMA,COSCO,,JCV,日本,7,4,NANSHA,LanShi,70,120,120,08/01,08/31,深圳海光,"免电放,目的港免柜默认10DEM+5DET工作日",,20-25吨（含柜重）需另收超重费USD25/20GP；超过25吨加超重费USD50/20GP
201049,FOSHAN,YOKOHAMA,COSCO,,JCV,日本,7,4,NANSHA,GAOMING,70,120,120,08/01,08/31,深圳海光,"免电放,目的港免柜默认10DEM+5DET工作日",,20-25吨（含柜重）需另收超重费USD25/20GP；超过25吨加超重费USD50/20GP
201048,FOSHAN,YOKOHAMA,COSCO,,JCV,日本,7,4,NANSHA,SanShui,70,120,120,08/01,08/31,深圳海光,"免电放,目的港免柜默认10DEM+5DET工作日",,20-25吨（含柜重）需另收超重费USD25/20GP；超过25吨加超重费USD50/20GP
201044,SHANTOU,MOJI,COSCO,,JCV,日本,9,4,NANSHA,SHANTOU,170,330,330,08/01,08/31,深圳海光,"免电放,目的港免柜默认10DEM+5DET工作日",,20-25吨（含柜重）需另收超重费USD25/20GP；超过25吨加超重费USD50/20GP
201043,SHANTOU,NAGOYA,COSCO,,JCV,日本,8,4,NANSHA,SHANTOU,170,330,330,08/01,08/31,深圳海光,"免电放,目的港免柜默认10DEM+5DET工作日",,20-25吨（含柜重）需另收超重费USD25/20GP；超过25吨加超重费USD50/20GP
201042,SHANTOU,YOKOHAMA,COSCO,,JCV,日本,7,4,NANSHA,SHANTOU,170,330,330,08/01,08/31,深圳海光,"免电放,目的港免柜默认10DEM+5DET工作日",,20-25吨（含柜重）需另收超重费USD25/20GP；超过25吨加超重费USD50/20GP
201041,SHANTOU,TOKYO,COSCO,,JCV,日本,6,4,NANSHA,SHANTOU,170,330,330,08/01,08/31,深圳海光,"免电放,目的港免柜默认10DEM+5DET工作日",,20-25吨（含柜重）需另收超重费USD25/20GP；超过25吨加超重费USD50/20GP
201040,ZHUHAI,TOKYO,COSCO,,JCV,日本,6,4,NANSHA,HONGWANG,70,120,120,08/01,08/31,深圳海光,"免电放,目的港免柜默认10DEM+5DET工作日",,20-25吨（含柜重）需另收超重费USD25/20GP；超过25吨加超重费USD50/20GP
201039,ZHUHAI,TOKYO,COSCO,,JCV,日本,6,4,NANSHA,XIYU,70,120,120,08/01,08/31,深圳海光,"免电放,目的港免柜默认10DEM+5DET工作日",,20-25吨（含柜重）需另收超重费USD25/20GP；超过25吨加超重费USD50/20GP
201038,ZHUHAI,TOKYO,COSCO,,JCV,日本,6,4,NANSHA,GAOLAN,70,120,120,08/01,08/31,深圳海光,"免电放,目的港免柜默认10DEM+5DET工作日",,20-25吨（含柜重）需另收超重费USD25/20GP；超过25吨加超重费USD50/20GP
201037,ZHONGSHAN,TOKYO,COSCO,,JCV,日本,6,4,NANSHA,ZhongShanGang,70,120,120,08/01,08/31,深圳海光,"免电放,目的港免柜默认10DEM+5DET工作日",,20-25吨（含柜重）需另收超重费USD25/20GP；超过25吨加超重费USD50/20GP
201033,JIANGMEN,TOKYO,COSCO,,JCV,日本,6,4,NANSHA,WAIHAI,70,120,120,08/01,08/31,深圳海光,"免电放,目的港免柜默认10DEM+5DET工作日",,20-25吨（含柜重）需另收超重费USD25/20GP；超过25吨加超重费USD50/20GP
201090,JIANGMEN,MOJI,COSCO,,JCV,日本,9,4,NANSHA,GAOSHA,70,120,120,08/01,08/31,深圳海光,"免电放,目的港免柜默认10DEM+5DET工作日",,20-25吨（含柜重）需另收超重费USD25/20GP；超过25吨加超重费USD50/20GP
201089,GUANGZHOU,MOJI,COSCO,,JCV,日本,9,4,NANSHA,HuangPu,70,120,120,08/01,08/31,深圳海光,"免电放,目的港免柜默认10DEM+5DET工作日",,20-25吨（含柜重）需另收超重费USD25/20GP；超过25吨加超重费USD50/20GP
201088,FOSHAN,MOJI,COSCO,,JCV,日本,9,4,NANSHA,JiuJiang,70,120,120,08/01,08/31,深圳海光,"免电放,目的港免柜默认10DEM+5DET工作日",,20-25吨（含柜重）需另收超重费USD25/20GP；超过25吨加超重费USD50/20GP
201087,FOSHAN,MOJI,COSCO,,JCV,日本,9,4,NANSHA,SANSHAN,70,120,120,08/01,08/31,深圳海光,"免电放,目的港免柜默认10DEM+5DET工作日",,20-25吨（含柜重）需另收超重费USD25/20GP；超过25吨加超重费USD50/20GP
201086,FOSHAN,MOJI,COSCO,,JCV,日本,9,4,NANSHA,LanShi,70,120,120,08/01,08/31,深圳海光,"免电放,目的港免柜默认10DEM+5DET工作日",,20-25吨（含柜重）需另收超重费USD25/20GP；超过25吨加超重费USD50/20GP
201085,FOSHAN,MOJI,COSCO,,JCV,日本,9,4,NANSHA,GAOMING,70,120,120,08/01,08/31,深圳海光,"免电放,目的港免柜默认10DEM+5DET工作日",,20-25吨（含柜重）需另收超重费USD25/20GP；超过25吨加超重费USD50/20GP
201084,FOSHAN,MOJI,COSCO,,JCV,日本,9,4,NANSHA,SanShui,70,120,120,08/01,08/31,深圳海光,"免电放,目的港免柜默认10DEM+5DET工作日",,20-25吨（含柜重）需另收超重费USD25/20GP；超过25吨加超重费USD50/20GP
201080,ZHUHAI,NAGOYA,COSCO,,JCV,日本,8,4,NANSHA,HONGWANG,70,120,120,08/01,08/31,深圳海光,"免电放,目的港免柜默认10DEM+5DET工作日",,20-25吨（含柜重）需另收超重费USD25/20GP；超过25吨加超重费USD50/20GP
201079,ZHUHAI,NAGOYA,COSCO,,JCV,日本,8,4,NANSHA,XIYU,70,120,120,08/01,08/31,深圳海光,"免电放,目的港免柜默认10DEM+5DET工作日",,20-25吨（含柜重）需另收超重费USD25/20GP；超过25吨加超重费USD50/20GP
201078,ZHUHAI,NAGOYA,COSCO,,JCV,日本,8,4,NANSHA,GAOLAN,70,120,120,08/01,08/31,深圳海光,"免电放,目的港免柜默认10DEM+5DET工作日",,20-25吨（含柜重）需另收超重费USD25/20GP；超过25吨加超重费USD50/20GP
201032,JIANGMEN,TOKYO,COSCO,,JCV,日本,6,4,NANSHA,GAOSHA,70,120,120,08/01,08/31,深圳海光,"免电放,目的港免柜默认10DEM+5DET工作日",,20-25吨（含柜重）需另收超重费USD25/20GP；超过25吨加超重费USD50/20GP
201031,GUANGZHOU,TOKYO,COSCO,,JCV,日本,6,4,NANSHA,HuangPu,70,120,120,08/01,08/31,深圳海光,"免电放,目的港免柜默认10DEM+5DET工作日",,20-25吨（含柜重）需另收超重费USD25/20GP；超过25吨加超重费USD50/20GP
201030,FOSHAN,TOKYO,COSCO,,JCV,日本,6,4,NANSHA,JiuJiang,70,120,120,08/01,08/31,深圳海光,"免电放,目的港免柜默认10DEM+5DET工作日",,20-25吨（含柜重）需另收超重费USD25/20GP；超过25吨加超重费USD50/20GP
201029,FOSHAN,TOKYO,COSCO,,JCV,日本,6,4,NANSHA,SANSHAN,70,120,120,08/01,08/31,深圳海光,"免电放,目的港免柜默认10DEM+5DET工作日",,20-25吨（含柜重）需另收超重费USD25/20GP；超过25吨加超重费USD50/20GP
201028,FOSHAN,TOKYO,COSCO,,JCV,日本,6,4,NANSHA,LanShi,70,120,120,08/01,08/31,深圳海光,"免电放,目的港免柜默认10DEM+5DET工作日",,20-25吨（含柜重）需另收超重费USD25/20GP；超过25吨加超重费USD50/20GP
201027,FOSHAN,TOKYO,COSCO,,JCV,日本,6,4,NANSHA,GAOMING,70,120,120,08/01,08/31,深圳海光,"免电放,目的港免柜默认10DEM+5DET工作日",,20-25吨（含柜重）需另收超重费USD25/20GP；超过25吨加超重费USD50/20GP
201026,FOSHAN,TOKYO,COSCO,,JCV,日本,6,4,NANSHA,SanShui,70,120,120,08/01,08/31,深圳海光,"免电放,目的港免柜默认10DEM+5DET工作日",,20-25吨（含柜重）需另收超重费USD25/20GP；超过25吨加超重费USD50/20GP
167408,SHENZHEN,TOKYO,COSCO,,KTX6,日本,9,3,,SHEKOU,20,30,30,08/01,08/31,深圳海光,"免电放,目的港免柜默认10DEM+5DET工作日",,20-25吨（含柜重）需另收超重费USD25/20GP；超过25吨加超重费USD50/20GP
167407,SHENZHEN,YOKOHAMA,COSCO,,KTX6,日本,8,3,,SHEKOU,20,30,30,08/01,08/31,深圳海光,"免电放,目的港免柜默认10DEM+5DET工作日",,20-25吨（含柜重）需另收超重费USD25/20GP；超过25吨加超重费USD50/20GP
167406,SHENZHEN,NAGOYA,COSCO,,KTX6,日本,7,3,,SHEKOU,20,30,30,08/01,08/31,深圳海光,"免电放,目的港免柜默认10DEM+5DET工作日",,20-25吨（含柜重）需另收超重费USD25/20GP；超过25吨加超重费USD50/20GP
167405,SHENZHEN,KOBE,COSCO,,KTX6,日本,6,3,,SHEKOU,20,30,30,08/01,08/31,深圳海光,"免电放,目的港免柜默认10DEM+5DET工作日",,20-25吨（含柜重）需另收超重费USD25/20GP；超过25吨加超重费USD50/20GP
167404,SHENZHEN,OSAKA,COSCO,,KTX6,日本,5,3,,SHEKOU,20,30,30,08/01,08/31,深圳海光,"免电放,目的港免柜默认10DEM+5DET工作日",,20-25吨（含柜重）需另收超重费USD25/20GP；超过25吨加超重费USD50/20GP
167403,SHENZHEN,KOBE,COSCO,,KTX3,日本,8,3,,SHEKOU,30,50,50,08/01,08/31,深圳海光,"免电放,目的港免柜默认10DEM+5DET工作日",,20-25吨（含柜重）需另收超重费USD25/20GP；超过25吨加超重费USD50/20GP
167402,SHENZHEN,YOKKAICHI,COSCO,,KTX3,日本,7,3,,SHEKOU,30,50,50,08/01,08/31,深圳海光,"免电放,目的港免柜默认10DEM+5DET工作日",,20-25吨（含柜重）需另收超重费USD25/20GP；超过25吨加超重费USD50/20GP
167401,SHENZHEN,NAGOYA,COSCO,,KTX3,日本,6,3,,SHEKOU,30,50,50,08/01,08/31,深圳海光,"免电放,目的港免柜默认10DEM+5DET工作日",,20-25吨（含柜重）需另收超重费USD25/20GP；超过25吨加超重费USD50/20GP
167400,SHENZHEN,TOKYO,COSCO,,KTX3,日本,5,3,,SHEKOU,30,50,50,08/01,08/31,深圳海光,"免电放,目的港免柜默认10DEM+5DET工作日",,20-25吨（含柜重）需另收超重费USD25/20GP；超过25吨加超重费USD50/20GP
133480,SHENZHEN,OSAKA,COSCO,,KTX1,日本,8,5,,SHEKOU,30,50,50,08/01,08/31,深圳海光,"免电放,目的港免柜默认10DEM+5DET工作日",,20-25吨（含柜重）需另收超重费USD25/20GP；超过25吨加超重费USD50/20GP
133479,SHENZHEN,KOBE,COSCO,,KTX1,日本,7,5,,SHEKOU,30,50,50,08/01,08/31,深圳海光,"免电放,目的港免柜默认10DEM+5DET工作日",,20-25吨（含柜重）需另收超重费USD25/20GP；超过25吨加超重费USD50/20GP
133478,SHENZHEN,NAGOYA,COSCO,,KTX1,日本,6,5,,SHEKOU,30,50,50,08/01,08/31,深圳海光,"免电放,目的港免柜默认10DEM+5DET工作日",,20-25吨（含柜重）需另收超重费USD25/20GP；超过25吨加超重费USD50/20GP
133477,SHENZHEN,TOKYO,COSCO,,KTX1,日本,5,5,,SHEKOU,30,50,50,08/01,08/31,深圳海光,"免电放,目的港免柜默认10DEM+5DET工作日",,20-25吨（含柜重）需另收超重费USD25/20GP；超过25吨加超重费USD50/20GP
85453,ZHONGSHAN,SINGAPORE,WHL,,,新加坡,7,3,HONGKONG,shenwan,200,230,230,08/01,08/31,中山海光,,,
72420,ZHUHAI,SINGAPORE,WHL,,,新加坡,7,3,HONGKONG,HONGWANG,200,230,230,08/01,08/31,中山海光,,,
72413,ZHUHAI,SINGAPORE,WHL,,,新加坡,7,3,HONGKONG,XIYU,200,230,230,08/01,08/31,中山海光,,,
72392,JIANGMEN,SINGAPORE,WHL,,,新加坡,7,3,HONGKONG,GAOSHA,200,230,230,08/01,08/31,中山海光,,,
72384,JIANGMEN,SINGAPORE,WHL,,,新加坡,7,3,HONGKONG,WAIHAI,200,230,230,08/01,08/31,中山海光,,,
72371,ZHONGSHAN,SINGAPORE,WHL,,,新加坡,7,3,HONGKONG,XiaoLan,200,230,230,08/01,08/31,中山海光,,,
72354,ZHONGSHAN,SINGAPORE,WHL,,,新加坡,7,3,HONGKONG,ZhongShanGang,200,230,230,08/01,08/31,中山海光,,,
179968,JIANGMEN,BANGKOK,YML,PAT,,泰国,8,4,SHEKOU,GAOSHA,160,280,280,08/01,08/31,中山海光,不免电放,,
179953,JIANGMEN,BANGKOK,YML,PAT,,泰国,8,4,SHEKOU,WAIHAI,160,280,280,08/01,08/31,中山海光,不免电放,,
179938,ZHUHAI,BANGKOK,YML,PAT,,泰国,8,4,SHEKOU,XIYU,160,280,280,08/01,08/31,中山海光,不免电放,,
133476,SHENZHEN,YOKOHAMA,COSCO,,KTX1,日本,5,5,,SHEKOU,30,50,50,08/01,08/31,深圳海光,"免电放,目的港免柜默认10DEM+5DET工作日",,20-25吨（含柜重）需另收超重费USD25/20GP；超过25吨加超重费USD50/20GP
94049,SHENZHEN,YOKOHAMA,COSCO,,CTJ,日本,7,5,,SHEKOU,30,50,50,08/01,08/31,深圳海光,"免电放,目的港免柜默认10DEM+5DET工作日",,20-25吨（含柜重）需另收超重费USD25/20GP；超过25吨加超重费USD50/20GP
94048,SHENZHEN,TOKYO,COSCO,,CTJ,日本,6,5,,SHEKOU,30,50,50,08/01,08/31,深圳海光,"免电放,目的港免柜默认10DEM+5DET工作日",,20-25吨（含柜重）需另收超重费USD25/20GP；超过25吨加超重费USD50/20GP
76645,SHENZHEN,KOBE,COSCO,,CTJ,日本,5,5,,SHEKOU,30,50,50,08/01,08/31,深圳海光,"免电放,目的港免柜默认10DEM+5DET工作日",,20-25吨（含柜重）需另收超重费USD25/20GP；超过25吨加超重费USD50/20GP
76644,GUANGZHOU,MOJI,COSCO,,JCV,日本,6,4,,NanSha,40,60,60,08/01,08/31,深圳海光,"免电放,目的港免柜默认10DEM+5DET工作日",,20-25吨（含柜重）需另收超重费USD25/20GP；超过25吨加超重费USD50/20GP
76643,GUANGZHOU,NAGOYA,COSCO,,JCV,日本,5,4,,NanSha,40,60,60,08/01,08/31,深圳海光,"免电放,目的港免柜默认10DEM+5DET工作日",,20-25吨（含柜重）需另收超重费USD25/20GP；超过25吨加超重费USD50/20GP
76642,GUANGZHOU,YOKOHAMA,COSCO,,JCV,日本,4,4,,NanSha,40,60,60,08/01,08/31,深圳海光,"免电放,目的港免柜默认10DEM+5DET工作日",,20-25吨（含柜重）需另收超重费USD25/20GP；超过25吨加超重费USD50/20GP
76641,GUANGZHOU,TOKYO,COSCO,,JCV,日本,3,4,,NanSha,40,60,60,08/01,08/31,深圳海光,"免电放,目的港免柜默认10DEM+5DET工作日",,20-25吨（含柜重）需另收超重费USD25/20GP；超过25吨加超重费USD50/20GP
76640,SHENZHEN,OSAKA,COSCO,,CTJ,日本,4,5,,SHEKOU,30,50,50,08/01,08/31,深圳海光,"免电放,目的港免柜默认10DEM+5DET工作日",,20-25吨（含柜重）需另收超重费USD25/20GP；超过25吨加超重费USD50/20GP
179879,ZHONGSHAN,SINGAPORE,YML,,,新加坡,6,7,SHEKOU,ZhongShanGang,90,160,160,08/01,08/31,中山海光,免电放,,
85484,ZHONGSHAN,SINGAPORE,WHL,,,新加坡,7,3,HONGKONG,HUANGPU ZS,200,230,230,08/01,08/31,中山海光,,,
85481,ZHONGSHAN,PORT KELANG,WHL,N,,马来西亚,6,7,HONGKONG,HUANGPU ZS,210,340,340,08/01,08/31,中山海光,,,
85450,ZHONGSHAN,PORT KELANG,WHL,N,,马来西亚,6,7,HONGKONG,shenwan,210,340,340,08/01,08/31,中山海光,,,
72417,ZHUHAI,PORT KELANG,WHL,N,,马来西亚,6,7,HONGKONG,HONGWANG,210,340,340,08/01,08/31,中山海光,,,
72410,ZHUHAI,PORT KELANG,WHL,N,,马来西亚,6,7,HONGKONG,XIYU,210,340,340,08/01,08/31,中山海光,,,
72389,JIANGMEN,PORT KELANG,WHL,N,,马来西亚,6,7,HONGKONG,GAOSHA,210,340,340,08/01,08/31,中山海光,,,
72381,JIANGMEN,PORT KELANG,WHL,N,,马来西亚,6,7,HONGKONG,WAIHAI,210,340,340,08/01,08/31,中山海光,,,
72368,ZHONGSHAN,PORT KELANG,WHL,N,,马来西亚,6,7,HONGKONG,XiaoLan,210,340,340,08/01,08/31,中山海光,,,
72360,ZHONGSHAN,PORT KELANG,WHL,N,,马来西亚,6,7,HONGKONG,ZhongShanGang,210,340,340,08/01,08/31,中山海光,,,
72351,ZHONGSHAN,PORT KELANG,WHL,N,,马来西亚,6,3,HONGKONG,ZhongShanGang,210,340,340,08/01,08/31,中山海光,,,
179923,ZHUHAI,BANGKOK,YML,PAT,,泰国,8,4,SHEKOU,HONGWANG,160,280,280,08/01,08/31,中山海光,不免电放,,
179908,ZHONGSHAN,BANGKOK,YML,PAT,,泰国,8,4,SHEKOU,shenwan,160,280,280,08/01,08/31,中山海光,不免电放,,
179893,ZHONGSHAN,BANGKOK,YML,PAT,,泰国,8,4,SHEKOU,XiaoLan,160,280,280,08/01,08/31,中山海光,不免电放,,
179883,ZHONGSHAN,BANGKOK,YML,PAT,,泰国,8,4,SHEKOU,ZhongShanGang,160,280,280,08/01,08/31,中山海光,不免电放,,
179964,JIANGMEN,SINGAPORE,YML,,,新加坡,6,7,SHEKOU,GAOSHA,90,160,160,08/01,08/31,中山海光,免电放,,
179949,JIANGMEN,SINGAPORE,YML,,,新加坡,6,7,SHEKOU,WAIHAI,90,160,160,08/01,08/31,中山海光,免电放,,
179934,ZHUHAI,SINGAPORE,YML,,,新加坡,6,7,SHEKOU,XIYU,90,160,160,08/01,08/31,中山海光,免电放,,
179919,ZHUHAI,SINGAPORE,YML,,,新加坡,6,7,SHEKOU,HONGWANG,90,160,160,08/01,08/31,中山海光,免电放,,
179904,ZHONGSHAN,SINGAPORE,YML,,,新加坡,6,7,SHEKOU,shenwan,90,160,160,08/01,08/31,中山海光,免电放,,
179889,ZHONGSHAN,SINGAPORE,YML,,,新加坡,6,7,SHEKOU,XiaoLan,90,160,160,08/01,08/31,中山海光,免电放,,
53667,ZHUHAI,DOUALA,PIL,,,西非,38,2,NANSHA,XIYU,1850,2950,2950,08/15,08/31,中山海光,,,
53604,JIANGMEN,DOUALA,PIL,,,西非,38,2,NANSHA,WAIHAI,1850,2950,2950,08/15,08/31,中山海光,,,
53415,FOSHAN,DOUALA,PIL,,,西非,38,2,NANSHA,JiuJiang,1850,2950,2950,08/15,08/31,中山海光,,,
53352,ZHUHAI,DOUALA,PIL,,,西非,38,2,NANSHA,HONGWANG,1850,2950,2950,08/15,08/31,中山海光,,,
53289,JIANGMEN,DOUALA,PIL,,,西非,38,2,NANSHA,GAOSHA,1850,2950,2950,08/15,08/31,中山海光,,,
53226,ZHUHAI,DOUALA,PIL,,,西非,38,2,NANSHA,DOUMEN,1850,2950,2950,08/15,08/31,中山海光,,,
53163,ZHONGSHAN,DOUALA,PIL,,,西非,38,2,NANSHA,ZhongShanGang,1850,2950,2950,08/15,08/31,中山海光,,,
53091,ZHONGSHAN,DOUALA,PIL,,,西非,38,2,NANSHA,XiaoLan,1850,2950,2950,08/15,08/31,中山海光,,,
31609,ZHONGSHAN,DOUALA,PIL,,,西非,38,2,LOME,ZhongShanGang,1850,2950,2950,08/15,08/31,中山海光,,,
31546,ZHONGSHAN,DOUALA,PIL,,,西非,38,2,LOME,XiaoLan,1850,2950,2950,08/15,08/31,中山海光,,,
31483,ZHUHAI,DOUALA,PIL,,,西非,38,2,LOME,XIYU,1850,2950,2950,08/15,08/31,中山海光,,,
31389,JIANGMEN,DOUALA,PIL,,,西非,38,2,LOME,WAIHAI,1850,2950,2950,08/15,08/31,中山海光,,,
31200,FOSHAN,DOUALA,PIL,,,西非,38,2,LOME,JiuJiang,1850,2950,2950,08/15,08/31,中山海光,,,
31137,ZHUHAI,DOUALA,PIL,,,西非,38,2,LOME,HONGWANG,1850,2950,2950,08/15,08/31,中山海光,,,
31074,JIANGMEN,DOUALA,PIL,,,西非,38,2,LOME,GAOSHA,1850,2950,2950,08/15,08/31,中山海光,,,
30638,ZHUHAI,DOUALA,PIL,,,西非,38,2,LOME,GAOLAN,1900,3050,3050,08/15,08/31,中山海光,,,
53666,ZHUHAI,ONNE,PIL,,,东非,36,7,NANSHA,XIYU,3100,4250,4250,08/15,08/31,中山海光,,,
53603,JIANGMEN,ONNE,PIL,,,东非,36,7,NANSHA,WAIHAI,3100,4250,4250,08/15,08/31,中山海光,,,
53414,FOSHAN,ONNE,PIL,,,东非,36,7,NANSHA,JiuJiang,3100,4250,4250,08/15,08/31,中山海光,,,
53351,ZHUHAI,ONNE,PIL,,,东非,36,7,NANSHA,HONGWANG,3100,4250,4250,08/15,08/31,中山海光,,,
53288,JIANGMEN,ONNE,PIL,,,东非,36,7,NANSHA,GAOSHA,3100,4250,4250,08/15,08/31,中山海光,,,
53225,ZHUHAI,ONNE,PIL,,,东非,36,7,NANSHA,DOUMEN,3100,4250,4250,08/15,08/31,中山海光,,,
53162,ZHONGSHAN,ONNE,PIL,,,东非,36,7,NANSHA,ZhongShanGang,3100,4250,4250,08/15,08/31,中山海光,,,
53090,ZHONGSHAN,ONNE,PIL,,,东非,36,7,NANSHA,XiaoLan,3100,4250,4250,08/15,08/31,中山海光,,,
31608,ZHONGSHAN,ONNE,PIL,,,东非,36,7,SINGAPORE,ZhongShanGang,3100,4250,4250,08/15,08/31,中山海光,,,
31545,ZHONGSHAN,ONNE,PIL,,,东非,36,7,SINGAPORE,XiaoLan,3100,4250,4250,08/15,08/31,中山海光,,,
31482,ZHUHAI,ONNE,PIL,,,东非,36,7,SINGAPORE,XIYU,3100,4250,4250,08/15,08/31,中山海光,,,
31388,JIANGMEN,ONNE,PIL,,,东非,36,7,SINGAPORE,WAIHAI,3100,4250,4250,08/15,08/31,中山海光,,,
31199,FOSHAN,ONNE,PIL,,,东非,36,7,SINGAPORE,JiuJiang,3100,4250,4250,08/15,08/31,中山海光,,,
31136,ZHUHAI,ONNE,PIL,,,东非,36,7,SINGAPORE,HONGWANG,3100,4250,4250,08/15,08/31,中山海光,,,
31073,JIANGMEN,ONNE,PIL,,,东非,36,7,SINGAPORE,GAOSHA,3100,4250,4250,08/15,08/31,中山海光,,,
30637,ZHUHAI,ONNE,PIL,,,东非,36,7,SINGAPORE,GAOLAN,3150,4350,4350,08/15,08/31,中山海光,,,
53662,ZHUHAI,LAGOS,PIL,,,西非,32,7,NANSHA,XIYU,2550,3300,3300,08/15,08/31,中山海光,,,
53599,JIANGMEN,LAGOS,PIL,,,西非,32,7,NANSHA,WAIHAI,2550,3300,3300,08/15,08/31,中山海光,,,
53410,FOSHAN,LAGOS,PIL,,,西非,32,7,NANSHA,JiuJiang,2550,3300,3300,08/15,08/31,中山海光,,,
53347,ZHUHAI,LAGOS,PIL,,,西非,32,7,NANSHA,HONGWANG,2550,3300,3300,08/15,08/31,中山海光,,,
53284,JIANGMEN,LAGOS,PIL,,,西非,32,7,NANSHA,GAOSHA,2550,3300,3300,08/15,08/31,中山海光,,,
53221,ZHUHAI,LAGOS,PIL,,,西非,32,7,NANSHA,DOUMEN,2550,3300,3300,08/15,08/31,中山海光,,,
53158,ZHONGSHAN,LAGOS,PIL,,,西非,32,7,NANSHA,ZhongShanGang,2550,3300,3300,08/15,08/31,中山海光,,,
53086,ZHONGSHAN,LAGOS,PIL,,,西非,32,7,NANSHA,XiaoLan,2550,3300,3300,08/15,08/31,中山海光,,,
31604,ZHONGSHAN,LAGOS,PIL,,,西非,32,7,NANSHA,ZhongShanGang,2550,3300,3300,08/15,08/31,中山海光,,,
31541,ZHONGSHAN,LAGOS,PIL,,,西非,32,7,NANSHA,XiaoLan,2550,3300,3300,08/15,08/31,中山海光,,,
31478,ZHUHAI,LAGOS,PIL,,,西非,32,7,NANSHA,XIYU,2550,3300,3300,08/15,08/31,中山海光,,,
31384,JIANGMEN,LAGOS,PIL,,,西非,32,7,NANSHA,WAIHAI,2550,3300,3300,08/15,08/31,中山海光,,,
31195,FOSHAN,LAGOS,PIL,,,西非,32,7,NANSHA,JiuJiang,2550,3300,3300,08/15,08/31,中山海光,,,
31132,ZHUHAI,LAGOS,PIL,,,西非,32,7,NANSHA,HONGWANG,2550,3300,3300,08/15,08/31,中山海光,,,
31069,JIANGMEN,LAGOS,PIL,,,西非,32,7,NANSHA,GAOSHA,2550,3300,3300,08/15,08/31,中山海光,,,
30916,ZHUHAI,LAGOS,PIL,,,西非,32,7,NANSHA,GAOLAN,2600,3400,3400,08/15,08/31,中山海光,,,
53283,JIANGMEN,TINCAN,PIL,,,西非,32,7,,GAOSHA,2550,3300,3300,08/15,08/31,中山海光,NS2/3,,
53220,ZHUHAI,TINCAN,PIL,,,西非,32,7,,DOUMEN,2550,3300,3300,08/15,08/31,中山海光,NS2/3,,
53085,ZHONGSHAN,TINCAN,PIL,,,西非,32,7,,XiaoLan,2550,3300,3300,08/15,08/31,中山海光,NS2/3,,
31601,ZHONGSHAN,TINCAN,PIL,,,西非,28,2,NANSHA,ZhongShanGang,2550,3300,3300,08/15,08/31,中山海光,NS2/3,,
31475,ZHUHAI,TINCAN,PIL,,,西非,28,2,NANSHA,XIYU,2550,3300,3300,08/15,08/31,中山海光,NS2/3,,
31381,JIANGMEN,TINCAN,PIL,,,西非,28,2,NANSHA,WAIHAI,2550,3300,3300,08/15,08/31,中山海光,NS2/3,,
31192,FOSHAN,TINCAN,PIL,,,西非,28,2,NANSHA,JiuJiang,2550,3300,3300,08/15,08/31,中山海光,NS2/3,,
31129,ZHUHAI,TINCAN,PIL,,,西非,28,2,NANSHA,HONGWANG,2550,3300,3300,08/15,08/31,中山海光,NS2/3,,
31066,JIANGMEN,TINCAN,PIL,,,西非,28,2,NANSHA,GAOSHA,2550,3300,3300,08/15,08/31,中山海光,NS2/3,,
30914,ZHUHAI,TINCAN,PIL,,,西非,28,2,NANSHA,GAOLAN,2600,3400,3400,08/15,08/31,中山海光,NS2/3,,
149921,FOSHAN,"EDMONTON,AB",PIL,,,加拿大,24,4,HONGKONG,JiuJiang,2170,2700,2700,08/16,08/31,中山海光,香港二截四开（ODACIS ）,,
149861,ZHUHAI,"EDMONTON,AB",PIL,,,加拿大,24,4,HONGKONG,XIYU,2170,2700,2700,08/16,08/31,中山海光,香港二截四开（ODACIS ）,,
149846,ZHUHAI,"EDMONTON,AB",PIL,,,加拿大,24,4,HONGKONG,HONGWANG,2170,2700,2700,08/16,08/31,中山海光,香港二截四开（ODACIS ）,,
149831,JIANGMEN,"EDMONTON,AB",PIL,,,加拿大,24,4,HONGKONG,GAOSHA,2170,2700,2700,08/16,08/31,中山海光,香港二截四开（ODACIS ）,,
149816,JIANGMEN,"EDMONTON,AB",PIL,,,加拿大,24,4,HONGKONG,WAIHAI,2170,2700,2700,08/16,08/31,中山海光,香港二截四开（ODACIS ）,,
149786,ZHONGSHAN,"EDMONTON,AB",PIL,,,加拿大,24,4,HONGKONG,XiaoLan,2170,2700,2700,08/16,08/31,中山海光,香港二截四开（ODACIS ）,,
149779,ZHONGSHAN,"EDMONTON,AB",PIL,,,加拿大,24,4,HONGKONG,ZhongShanGang,2170,2700,2700,08/16,08/31,中山海光,香港二截四开（ODACIS ）,,
149920,FOSHAN,CALGARY,PIL,,,加拿大,24,4,HONGKONG,JiuJiang,2170,2700,2700,08/16,08/31,中山海光,香港二截四开（ODACIS ）,,
149860,ZHUHAI,CALGARY,PIL,,,加拿大,24,4,HONGKONG,XIYU,2170,2700,2700,08/16,08/31,中山海光,香港二截四开（ODACIS ）,,
149845,ZHUHAI,CALGARY,PIL,,,加拿大,24,4,HONGKONG,HONGWANG,2170,2700,2700,08/16,08/31,中山海光,香港二截四开（ODACIS ）,,
149830,JIANGMEN,CALGARY,PIL,,,加拿大,24,4,HONGKONG,GAOSHA,2170,2700,2700,08/16,08/31,中山海光,香港二截四开（ODACIS ）,,
149815,JIANGMEN,CALGARY,PIL,,,加拿大,24,4,HONGKONG,WAIHAI,2170,2700,2700,08/16,08/31,中山海光,香港二截四开（ODACIS ）,,
149785,ZHONGSHAN,CALGARY,PIL,,,加拿大,24,4,HONGKONG,XiaoLan,2170,2700,2700,08/16,08/31,中山海光,香港二截四开（ODACIS ）,,
149639,ZHONGSHAN,CALGARY,PIL,,,加拿大,24,4,HONGKONG,ZhongShanGang,2170,2700,2700,08/16,08/31,中山海光,香港二截四开（ODACIS ）,,
149919,FOSHAN,MONTREAL,PIL,,,加拿大,29,4,HONGKONG,JiuJiang,,,2950,08/16,08/31,中山海光,香港二截四开（ODACIS ）,,
149859,ZHUHAI,MONTREAL,PIL,,,加拿大,29,4,HONGKONG,XIYU,,,2950,08/16,08/31,中山海光,香港二截四开（ODACIS ）,,
149844,ZHUHAI,MONTREAL,PIL,,,加拿大,29,4,HONGKONG,HONGWANG,,,2950,08/16,08/31,中山海光,香港二截四开（ODACIS ）,,
149829,JIANGMEN,MONTREAL,PIL,,,加拿大,29,4,HONGKONG,GAOSHA,,,2950,08/16,08/31,中山海光,香港二截四开（ODACIS ）,,
149814,JIANGMEN,MONTREAL,PIL,,,加拿大,29,4,HONGKONG,WAIHAI,,,2950,08/16,08/31,中山海光,香港二截四开（ODACIS ）,,
149784,ZHONGSHAN,MONTREAL,PIL,,,加拿大,29,4,HONGKONG,XiaoLan,,,2950,08/16,08/31,中山海光,香港二截四开（ODACIS ）,,
149638,ZHONGSHAN,MONTREAL,PIL,,,加拿大,29,4,HONGKONG,ZhongShanGang,,,2950,08/16,08/31,中山海光,香港二截四开（ODACIS ）,,
149918,FOSHAN,TORONTO,PIL,,,加拿大,29,4,HONGKONG,JiuJiang,,,2950,08/16,08/31,中山海光,香港二截四开（ODACIS ）,,
149858,ZHUHAI,TORONTO,PIL,,,加拿大,29,4,HONGKONG,XIYU,,,2950,08/16,08/31,中山海光,香港二截四开（ODACIS ）,,
149843,ZHUHAI,TORONTO,PIL,,,加拿大,29,4,HONGKONG,HONGWANG,,,2950,08/16,08/31,中山海光,香港二截四开（ODACIS ）,,
149828,JIANGMEN,TORONTO,PIL,,,加拿大,29,4,HONGKONG,GAOSHA,,,2950,08/16,08/31,中山海光,香港二截四开（ODACIS ）,,
149813,JIANGMEN,TORONTO,PIL,,,加拿大,29,4,HONGKONG,WAIHAI,,,2950,08/16,08/31,中山海光,香港二截四开（ODACIS ）,,
149783,ZHONGSHAN,TORONTO,PIL,,,加拿大,29,4,HONGKONG,XiaoLan,,,2950,08/16,08/31,中山海光,香港二截四开（ODACIS ）,,
149637,ZHONGSHAN,TORONTO,PIL,,,加拿大,29,4,HONGKONG,ZhongShanGang,,,2950,08/16,08/31,中山海光,香港二截四开（ODACIS ）,,
149917,FOSHAN,VANCOUVER,PIL,,,加拿大,22,4,HONGKONG,JiuJiang,1090,1350,1350,08/16,08/31,中山海光,香港二截四开（ODACIS ）,,
149857,ZHUHAI,VANCOUVER,PIL,,,加拿大,22,4,HONGKONG,XIYU,1090,1350,1350,08/16,08/31,中山海光,香港二截四开（ODACIS ）,,
149842,ZHUHAI,VANCOUVER,PIL,,,加拿大,22,4,HONGKONG,HONGWANG,1090,1350,1350,08/16,08/31,中山海光,香港二截四开（ODACIS ）,,
149827,JIANGMEN,VANCOUVER,PIL,,,加拿大,22,4,HONGKONG,GAOSHA,1090,1350,1350,08/16,08/31,中山海光,香港二截四开（ODACIS ）,,
149812,JIANGMEN,VANCOUVER,PIL,,,加拿大,22,4,HONGKONG,WAIHAI,1090,1350,1350,08/16,08/31,中山海光,香港二截四开（ODACIS ）,,
149782,ZHONGSHAN,VANCOUVER,PIL,,,加拿大,22,4,HONGKONG,XiaoLan,1090,1350,1350,08/16,08/31,中山海光,香港二截四开（ODACIS ）,,
149636,ZHONGSHAN,VANCOUVER,PIL,,,加拿大,22,4,HONGKONG,ZhongShanGang,1090,1350,1350,08/16,08/31,中山海光,香港二截四开（ODACIS ）,,
53714,ZHUHAI,SAN ANTONIO,PIL,,,南美西,20,2,HONGKONG,XIYU,2000,2100,2100,08/19,08/25,中山海光,海运费+ODIS,,
53651,JIANGMEN,SAN ANTONIO,PIL,,,南美西,20,2,HONGKONG,WAIHAI,2000,2100,2100,08/19,08/25,中山海光,海运费+ODIS,,
53462,FOSHAN,SAN ANTONIO,PIL,,,南美西,20,2,HONGKONG,JiuJiang,2000,2100,2100,08/19,08/25,中山海光,海运费+ODIS,,
53399,ZHUHAI,SAN ANTONIO,PIL,,,南美西,20,2,HONGKONG,HONGWANG,2000,2100,2100,08/19,08/25,中山海光,海运费+ODIS,,
53336,JIANGMEN,SAN ANTONIO,PIL,,,南美西,20,2,HONGKONG,GAOSHA,2000,2100,2100,08/19,08/25,中山海光,海运费+ODIS,,
53273,ZHUHAI,SAN ANTONIO,PIL,,,南美西,20,2,HONGKONG,DOUMEN,2000,2100,2100,08/19,08/25,中山海光,海运费+ODIS,,
53210,ZHONGSHAN,SAN ANTONIO,PIL,,,南美西,20,2,HONGKONG,ZhongShanGang,2000,2100,2100,08/19,08/25,中山海光,海运费+ODIS,,
53133,ZHONGSHAN,SAN ANTONIO,PIL,,,南美西,20,2,HONGKONG,XiaoLan,2000,2100,2100,08/19,08/25,中山海光,海运费+ODIS,,
53713,ZHUHAI,PUERTO QUETZAL,PIL,,,中美洲,34,2,SHENZHEN,XIYU,2100,2200,2200,08/19,08/25,中山海光,海运费+ODIS,,
53650,JIANGMEN,PUERTO QUETZAL,PIL,,,中美洲,34,2,SHENZHEN,WAIHAI,2100,2200,2200,08/19,08/25,中山海光,海运费+ODIS,,
53461,FOSHAN,PUERTO QUETZAL,PIL,,,中美洲,34,2,SHENZHEN,JiuJiang,2100,2200,2200,08/19,08/25,中山海光,海运费+ODIS,,
53398,ZHUHAI,PUERTO QUETZAL,PIL,,,中美洲,34,2,SHENZHEN,HONGWANG,2100,2200,2200,08/19,08/25,中山海光,海运费+ODIS,,
53335,JIANGMEN,PUERTO QUETZAL,PIL,,,中美洲,34,2,SHENZHEN,GAOSHA,2100,2200,2200,08/19,08/25,中山海光,海运费+ODIS,,
53272,ZHUHAI,PUERTO QUETZAL,PIL,,,中美洲,34,2,SHENZHEN,DOUMEN,2100,2200,2200,08/19,08/25,中山海光,海运费+ODIS,,
53209,ZHONGSHAN,PUERTO QUETZAL,PIL,,,中美洲,34,2,SHENZHEN,ZhongShanGang,2100,2200,2200,08/19,08/25,中山海光,海运费+ODIS,,
53132,ZHONGSHAN,PUERTO QUETZAL,PIL,,,中美洲,34,2,SHENZHEN,XiaoLan,2100,2200,2200,08/19,08/25,中山海光,海运费+ODIS,,
53712,ZHUHAI,GUAYAQUIL,PIL,,,南美西,41,2,SHENZHEN,XIYU,2100,2200,2200,08/16,08/31,中山海光,海运费+ODIS,,
53649,JIANGMEN,GUAYAQUIL,PIL,,,南美西,41,2,SHENZHEN,WAIHAI,2100,2200,2200,08/16,08/31,中山海光,海运费+ODIS,,
53460,FOSHAN,GUAYAQUIL,PIL,,,南美西,41,2,SHENZHEN,JiuJiang,2100,2200,2200,08/16,08/31,中山海光,海运费+ODIS,,
53397,ZHUHAI,GUAYAQUIL,PIL,,,南美西,41,2,SHENZHEN,HONGWANG,2100,2200,2200,08/16,08/31,中山海光,海运费+ODIS,,
53334,JIANGMEN,GUAYAQUIL,PIL,,,南美西,41,2,SHENZHEN,GAOSHA,2100,2200,2200,08/16,08/31,中山海光,海运费+ODIS,,
53271,ZHUHAI,GUAYAQUIL,PIL,,,南美西,41,2,SHENZHEN,DOUMEN,2100,2200,2200,08/16,08/31,中山海光,海运费+ODIS,,
53208,ZHONGSHAN,GUAYAQUIL,PIL,,,南美西,41,2,SHENZHEN,ZhongShanGang,2100,2200,2200,08/16,08/31,中山海光,海运费+ODIS,,
53131,ZHONGSHAN,GUAYAQUIL,PIL,,,南美西,41,2,SHENZHEN,XiaoLan,2100,2200,2200,08/16,08/31,中山海光,海运费+ODIS,,
53711,ZHUHAI,CALLAO,PIL,,,南美西,38,2,SHENZHEN,XIYU,2000,2100,2100,08/19,08/25,中山海光,海运费+ODIS,,
53648,JIANGMEN,CALLAO,PIL,,,南美西,38,2,SHENZHEN,WAIHAI,2000,2100,2100,08/19,08/25,中山海光,海运费+ODIS,,
53459,FOSHAN,CALLAO,PIL,,,南美西,38,2,SHENZHEN,JiuJiang,2000,2100,2100,08/19,08/25,中山海光,海运费+ODIS,,
53269,ZHUHAI,BUENAVENTURA,PIL,,,南美西,22,4,SHENZHEN,DOUMEN,2000,2100,2100,08/19,08/25,中山海光,海运费+ODIS,,
53206,ZHONGSHAN,BUENAVENTURA,PIL,,,南美西,22,4,SHENZHEN,ZhongShanGang,2000,2100,2100,08/19,08/25,中山海光,海运费+ODIS,,
53129,ZHONGSHAN,BUENAVENTURA,PIL,,,南美西,22,4,SHENZHEN,XiaoLan,2000,2100,2100,08/19,08/25,中山海光,海运费+ODIS,,
53709,ZHUHAI,LAZARO CARDENAS,PIL,,,墨西哥,21,4,SHENZHEN,XIYU,2000,2100,2100,08/19,08/25,中山海光,,,
53646,JIANGMEN,LAZARO CARDENAS,PIL,,,墨西哥,21,4,SHENZHEN,WAIHAI,2000,2100,2100,08/19,08/25,中山海光,,,
53457,FOSHAN,LAZARO CARDENAS,PIL,,,墨西哥,21,4,SHENZHEN,JiuJiang,2000,2100,2100,08/19,08/25,中山海光,,,
53152,ZHONGSHAN,LAZARO CARDENAS,PIL,,,墨西哥,21,4,SHENZHEN,XiaoLan,2000,2100,2100,08/19,08/25,中山海光,,,
53394,ZHUHAI,LAZARO CARDENAS,PIL,,,墨西哥,21,4,SHENZHEN,HONGWANG,2000,2100,2100,08/19,08/25,中山海光,,,
53708,ZHUHAI,"MANZANILLO,MEXICO",PIL,,,墨西哥,18,4,SHENZHEN,XIYU,2000,2100,2100,08/19,08/25,中山海光,海运费+ODAIS,,
53331,JIANGMEN,LAZARO CARDENAS,PIL,,,墨西哥,21,4,SHENZHEN,GAOSHA,2000,2100,2100,08/19,08/25,中山海光,,,
53645,JIANGMEN,"MANZANILLO,MEXICO",PIL,,,墨西哥,18,4,SHENZHEN,WAIHAI,2000,2100,2100,08/19,08/25,中山海光,海运费+ODAIS,,
53268,ZHUHAI,LAZARO CARDENAS,PIL,,,墨西哥,21,4,SHENZHEN,DOUMEN,2000,2100,2100,08/19,08/25,中山海光,,,
53205,ZHONGSHAN,LAZARO CARDENAS,PIL,,,墨西哥,21,4,SHENZHEN,ZhongShanGang,2000,2100,2100,08/19,08/25,中山海光,,,
53456,FOSHAN,"MANZANILLO,MEXICO",PIL,,,墨西哥,18,4,SHENZHEN,JiuJiang,2000,2100,2100,08/19,08/25,中山海光,海运费+ODAIS,,
53393,ZHUHAI,"MANZANILLO,MEXICO",PIL,,,墨西哥,18,4,SHENZHEN,HONGWANG,2000,2100,2100,08/19,08/25,中山海光,海运费+ODAIS,,
53330,JIANGMEN,"MANZANILLO,MEXICO",PIL,,,墨西哥,18,4,SHENZHEN,GAOSHA,2000,2100,2100,08/19,08/25,中山海光,海运费+ODAIS,,
53267,ZHUHAI,"MANZANILLO,MEXICO",PIL,,,墨西哥,18,4,SHENZHEN,DOUMEN,2000,2100,2100,08/19,08/25,中山海光,海运费+ODAIS,,
53204,ZHONGSHAN,"MANZANILLO,MEXICO",PIL,,,墨西哥,18,4,SHENZHEN,ZhongShanGang,2000,2100,2100,08/19,08/25,中山海光,海运费+ODAIS,,
53151,ZHONGSHAN,"MANZANILLO,MEXICO",PIL,,,墨西哥,18,4,SHENZHEN,XiaoLan,2000,2100,2100,08/19,08/25,中山海光,海运费+ODAIS,,
203375,SHENZHEN,SINGAPORE,COSCO,,AEM1,新加坡,5,4,,YANTIAN,40,65,65,07/15,08/31,深圳海光,目的港免柜默认14天自由分配，免电放,,>=20吨（含柜重）需另收超重费USD25/20GP
53396,ZHUHAI,CALLAO,PIL,,,南美西,38,2,SHENZHEN,HONGWANG,2000,2100,2100,08/19,08/25,中山海光,海运费+ODIS,,
53333,JIANGMEN,CALLAO,PIL,,,南美西,38,2,SHENZHEN,GAOSHA,2000,2100,2100,08/19,08/25,中山海光,海运费+ODIS,,
53270,ZHUHAI,CALLAO,PIL,,,南美西,38,2,SHENZHEN,DOUMEN,2000,2100,2100,08/19,08/25,中山海光,海运费+ODIS,,
53207,ZHONGSHAN,CALLAO,PIL,,,南美西,38,2,SHENZHEN,ZhongShanGang,2000,2100,2100,08/19,08/25,中山海光,海运费+ODIS,,
53130,ZHONGSHAN,CALLAO,PIL,,,南美西,38,2,SHENZHEN,XiaoLan,2000,2100,2100,08/19,08/25,中山海光,海运费+ODIS,,
53710,ZHUHAI,BUENAVENTURA,PIL,,,南美西,22,4,SHENZHEN,XIYU,2000,2100,2100,08/19,08/25,中山海光,海运费+ODIS,,
53647,JIANGMEN,BUENAVENTURA,PIL,,,南美西,22,4,SHENZHEN,WAIHAI,2000,2100,2100,08/19,08/25,中山海光,海运费+ODIS,,
53458,FOSHAN,BUENAVENTURA,PIL,,,南美西,22,4,SHENZHEN,JiuJiang,2000,2100,2100,08/19,08/25,中山海光,海运费+ODIS,,
53395,ZHUHAI,BUENAVENTURA,PIL,,,南美西,22,4,SHENZHEN,HONGWANG,2000,2100,2100,08/19,08/25,中山海光,海运费+ODIS,,
53332,JIANGMEN,BUENAVENTURA,PIL,,,南美西,22,4,SHENZHEN,GAOSHA,2000,2100,2100,08/19,08/25,中山海光,海运费+ODIS,,
149927,FOSHAN,BUENOS AIRES,PIL,,,南美东,40,4,SHEKOU,JiuJiang,2000,2050,2050,08/16,08/31,中山海光,蛇口三截四开（ODIS ）,,
149867,ZHUHAI,BUENOS AIRES,PIL,,,南美东,40,4,SHEKOU,XIYU,2000,2050,2050,08/16,08/31,中山海光,蛇口三截四开（ODIS ）,,
149852,ZHUHAI,BUENOS AIRES,PIL,,,南美东,40,4,SHEKOU,HONGWANG,2000,2050,2050,08/16,08/31,中山海光,蛇口三截四开（ODIS ）,,
149837,JIANGMEN,BUENOS AIRES,PIL,,,南美东,40,4,SHEKOU,GAOSHA,2000,2050,2050,08/16,08/31,中山海光,蛇口三截四开（ODIS ）,,
149822,JIANGMEN,BUENOS AIRES,PIL,,,南美东,40,4,SHEKOU,WAIHAI,2000,2050,2050,08/16,08/31,中山海光,蛇口三截四开（ODIS ）,,
149792,ZHONGSHAN,BUENOS AIRES,PIL,,,南美东,40,4,SHEKOU,XiaoLan,2000,2050,2050,08/16,08/31,中山海光,蛇口三截四开（ODIS ）,,
149644,ZHONGSHAN,BUENOS AIRES,PIL,,,南美东,40,4,SHEKOU,ZhongShanGang,2000,2050,2050,08/16,08/31,中山海光,蛇口三截四开（ODIS ）,,
53278,ZHUHAI,BUENOS AIRES,PIL,,,南美东,34,5,HONGKONG,DOUMEN,2000,2050,2050,08/16,08/31,中山海光,海运费+ODIS,,
149926,FOSHAN,MONTEVIDEO,PIL,,,南美东,38,4,SHEKOU,JiuJiang,2000,2050,2050,08/16,08/31,中山海光,蛇口三截四开（ODIS ）,,
149866,ZHUHAI,MONTEVIDEO,PIL,,,南美东,38,4,SHEKOU,XIYU,2000,2050,2050,08/16,08/31,中山海光,蛇口三截四开（ODIS ）,,
149851,ZHUHAI,MONTEVIDEO,PIL,,,南美东,38,4,SHEKOU,HONGWANG,2000,2050,2050,08/16,08/31,中山海光,蛇口三截四开（ODIS ）,,
149836,JIANGMEN,MONTEVIDEO,PIL,,,南美东,38,4,SHEKOU,GAOSHA,2000,2050,2050,08/16,08/31,中山海光,蛇口三截四开（ODIS ）,,
149821,JIANGMEN,MONTEVIDEO,PIL,,,南美东,38,4,SHEKOU,WAIHAI,2000,2050,2050,08/16,08/31,中山海光,蛇口三截四开（ODIS ）,,
149791,ZHONGSHAN,MONTEVIDEO,PIL,,,南美东,38,4,SHEKOU,XiaoLan,2000,2050,2050,08/16,08/31,中山海光,蛇口三截四开（ODIS ）,,
149643,ZHONGSHAN,MONTEVIDEO,PIL,,,南美东,38,4,SHEKOU,ZhongShanGang,2000,2050,2050,08/16,08/31,中山海光,蛇口三截四开（ODIS ）,,
53277,ZHUHAI,MONTEVIDEO,PIL,,,南美东,32,5,HONGKONG,DOUMEN,2000,2050,2050,08/16,08/31,中山海光,海运费+ODIS,,
149924,FOSHAN,ITAPOA,PIL,,,南美东,34,4,SHEKOU,JiuJiang,2000,2050,2050,08/16,08/31,中山海光,蛇口三截四开（ODIS ）,,
149864,ZHUHAI,ITAPOA,PIL,,,南美东,34,4,SHEKOU,XIYU,2000,2050,2050,08/16,08/31,中山海光,蛇口三截四开（ODIS ）,,
149819,JIANGMEN,ITAPOA,PIL,,,南美东,34,4,SHEKOU,WAIHAI,2000,2050,2050,08/16,08/31,中山海光,蛇口三截四开（ODIS ）,,
149789,ZHONGSHAN,ITAPOA,PIL,,,南美东,34,4,SHEKOU,XiaoLan,2000,2050,2050,08/16,08/31,中山海光,蛇口三截四开（ODIS ）,,
149849,ZHUHAI,ITAPOA,PIL,,,南美东,34,4,SHEKOU,HONGWANG,2000,2050,2050,08/16,08/31,中山海光,蛇口三截四开（ODIS ）,,
149780,ZHONGSHAN,ITAPOA,PIL,,,南美东,34,4,SHEKOU,ZhongShanGang,2000,2050,2050,08/16,08/31,中山海光,蛇口三截四开（ODIS ）,,
149834,JIANGMEN,ITAPOA,PIL,,,南美东,34,4,SHEKOU,GAOSHA,2000,2050,2050,08/16,08/31,中山海光,蛇口三截四开（ODIS ）,,
149923,FOSHAN,PARANAGUA,PIL,,,南美东,33,4,SHEKOU,JiuJiang,2000,2050,2050,08/16,08/31,中山海光,蛇口三截四开（ODIS ）,,
149863,ZHUHAI,PARANAGUA,PIL,,,南美东,33,4,SHEKOU,XIYU,2000,2050,2050,08/16,08/31,中山海光,蛇口三截四开（ODIS ）,,
149848,ZHUHAI,PARANAGUA,PIL,,,南美东,33,4,SHEKOU,HONGWANG,2000,2050,2050,08/16,08/31,中山海光,蛇口三截四开（ODIS ）,,
149833,JIANGMEN,PARANAGUA,PIL,,,南美东,33,4,SHEKOU,GAOSHA,2000,2050,2050,08/16,08/31,中山海光,蛇口三截四开（ODIS ）,,
149818,JIANGMEN,PARANAGUA,PIL,,,南美东,33,4,SHEKOU,WAIHAI,2000,2050,2050,08/16,08/31,中山海光,蛇口三截四开（ODIS ）,,
149788,ZHONGSHAN,PARANAGUA,PIL,,,南美东,33,4,SHEKOU,XiaoLan,2000,2050,2050,08/16,08/31,中山海光,蛇口三截四开（ODIS ）,,
149641,ZHONGSHAN,PARANAGUA,PIL,,,南美东,33,4,SHEKOU,ZhongShanGang,2000,2050,2050,08/16,08/31,中山海光,蛇口三截四开（ODIS ）,,
53276,ZHUHAI,PARANAGUA,PIL,,,南美东,32,5,HONGKONG,DOUMEN,2000,2050,2050,08/16,08/31,中山海光,海运费+ODIS,,
149925,FOSHAN,NAVEGANTES,PIL,,,南美东,35,4,SHEKOU,JiuJiang,2000,2050,2050,08/16,08/31,中山海光,蛇口三截四开（ODIS ）,,
149865,ZHUHAI,NAVEGANTES,PIL,,,南美东,35,4,SHEKOU,XIYU,2000,2050,2050,08/16,08/31,中山海光,蛇口三截四开（ODIS ）,,
149850,ZHUHAI,NAVEGANTES,PIL,,,南美东,35,4,SHEKOU,HONGWANG,2000,2050,2050,08/16,08/31,中山海光,蛇口三截四开（ODIS ）,,
149835,JIANGMEN,NAVEGANTES,PIL,,,南美东,35,4,SHEKOU,GAOSHA,2000,2050,2050,08/16,08/31,中山海光,蛇口三截四开（ODIS ）,,
149820,JIANGMEN,NAVEGANTES,PIL,,,南美东,35,4,SHEKOU,WAIHAI,2000,2050,2050,08/16,08/31,中山海光,蛇口三截四开（ODIS ）,,
149790,ZHONGSHAN,NAVEGANTES,PIL,,,南美东,35,4,SHEKOU,XiaoLan,2000,2050,2050,08/16,08/31,中山海光,蛇口三截四开（ODIS ）,,
149642,ZHONGSHAN,NAVEGANTES,PIL,,,南美东,35,4,SHEKOU,ZhongShanGang,2000,2050,2050,08/16,08/31,中山海光,蛇口三截四开（ODIS ）,,
53275,ZHUHAI,NAVEGANTES,PIL,,,南美东,30,5,HONGKONG,DOUMEN,2000,2050,2050,08/16,08/31,中山海光,海运费+ODIS,,
149922,FOSHAN,SANTOS,PIL,,,南美东,31,4,SHEKOU,JiuJiang,2000,2050,2050,08/16,08/31,中山海光,蛇口三截四开 （ODIS ）,,
149862,ZHUHAI,SANTOS,PIL,,,南美东,31,4,SHEKOU,XIYU,2000,2050,2050,08/16,08/31,中山海光,蛇口三截四开 （ODIS ）,,
149847,ZHUHAI,SANTOS,PIL,,,南美东,31,4,SHEKOU,HONGWANG,2000,2050,2050,08/16,08/31,中山海光,蛇口三截四开 （ODIS ）,,
149832,JIANGMEN,SANTOS,PIL,,,南美东,31,4,SHEKOU,GAOSHA,2000,2050,2050,08/16,08/31,中山海光,蛇口三截四开 （ODIS ）,,
149817,JIANGMEN,SANTOS,PIL,,,南美东,31,4,SHEKOU,WAIHAI,2000,2050,2050,08/16,08/31,中山海光,蛇口三截四开 （ODIS ）,,
149787,ZHONGSHAN,SANTOS,PIL,,,南美东,31,4,SHEKOU,XiaoLan,2000,2050,2050,08/16,08/31,中山海光,蛇口三截四开 （ODIS ）,,
149640,ZHONGSHAN,SANTOS,PIL,,,南美东,31,4,SHEKOU,ZhongShanGang,2000,2050,2050,08/16,08/31,中山海光,蛇口三截四开 （ODIS ）,,
53274,ZHUHAI,SANTOS,PIL,,,南美东,29,5,HONGKONG,DOUMEN,2000,2050,2050,08/16,08/31,中山海光,海运费+ODIS,,
83212,ZHONGSHAN,BANGKOK,EMC,PAT,,泰国,5,5,HONGKONG,HUANGPU ZS,180,260,260,08/01,08/31,中山海光,一号码头,,
83149,ZHONGSHAN,BANGKOK,EMC,PAT,,泰国,5,5,HONGKONG,shenwan,180,260,260,08/01,08/31,中山海光,一号码头,,
57197,ZHONGSHAN,BANGKOK,EMC,PAT,,泰国,5,5,HONGKONG,ZhongShanGang,180,260,260,08/01,08/31,中山海光,一号码头,,
57163,ZHONGSHAN,BANGKOK,EMC,PAT,,泰国,5,5,HONGKONG,XiaoLan,180,260,260,08/01,08/31,中山海光,一号码头,,
57132,ZHUHAI,BANGKOK,EMC,PAT,,泰国,5,5,HONGKONG,XIYU,180,260,260,08/01,08/31,中山海光,一号码头,,
56970,ZHUHAI,BANGKOK,EMC,PAT,,泰国,5,5,HONGKONG,HONGWANG,180,260,260,08/01,08/31,中山海光,一号码头,,
56939,JIANGMEN,BANGKOK,EMC,PAT,,泰国,5,5,HONGKONG,GAOSHA,180,260,260,08/01,08/31,中山海光,一号码头,,
56862,JIANGMEN,BANGKOK,EMC,PAT,,泰国,5,5,HONGKONG,WAIHAI,180,260,260,08/01,08/31,中山海光,一号码头,,
194514,SHENZHEN,BANGKOK,TSL,SCT,JHT,泰国,7,1,LAEM CHABANG,SHEKOU,400,790,790,07/01,08/30,深圳海光,价格以截关日为准，免电放费，，起运港LOCAL以此为准 THC:RMB630/960;DOC:RMB450;SEAL:RMB30;EIR:RMB30;LSS:USD20/40,靠CW码头,"重柜需提前申请减免重柜费，20GP货柜超过21吨、40GP&HQ货柜超过24吨算重柜,重柜费USD30/CNTR"
194513,SHENZHEN,LAT KRABANG,TSL,,JHT,泰国,6,1,LAEM CHABANG,SHEKOU,380,730,730,07/01,08/30,深圳海光,价格以截关日为准，免电放费，，起运港LOCAL以此为准 THC:RMB630/960;DOC:RMB450;SEAL:RMB30;EIR:RMB30;LSS:USD20/40,靠CW码头,"重柜需提前申请减免重柜费，20GP货柜超过21吨、40GP&HQ货柜超过24吨算重柜,重柜费USD30/CNTR"
194512,SHENZHEN,LAEM CHABANG,TSL,,JHT,泰国,4,1,,SHEKOU,65,100,100,08/15,08/30,深圳海光,价格以截关日为准，免电放费，，起运港LOCAL以此为准 THC:RMB630/960;DOC:RMB450;SEAL:RMB30;EIR:RMB30;LSS:USD20/40,靠CW码头,"重柜需提前申请减免重柜费，20GP货柜超过21吨、40GP&HQ货柜超过24吨算重柜,重柜费USD30/CNTR"
194511,SHENZHEN,BANGKOK,TSL,PAT,JHT,泰国,5,1,,SHEKOU,160,270,270,07/01,08/30,深圳海光,价格以截关日为准，免电放费，目的港CIC USD60/120，起运港LOCAL以此为准 THC:RMB630/960;DOC:RMB450;SEAL:RMB30;EIR:RMB30;LSS:USD20/40,靠CW码头,"重柜需提前申请减免重柜费，20GP货柜超过21吨、40GP&HQ货柜超过24吨算重柜,重柜费USD30/CNTR"
153493,SHENZHEN,HAIPHONG,TSL,,JTK2,越南,3,7,,SHEKOU,-40,-80,-80,08/22,08/30,深圳海光,价格以截关日为准，目的港CIC:2500000/5000000，起运港LOCAL以此为准 THC：630/960;DOC:RMB450;SEAL:RMB30;EIR:RMB30;LSS:USD20/40,靠CW码头,"重柜需提前申请减免重柜费，20GP货柜超过21吨、40GP&HQ货柜超过24吨算重柜,重柜费USD30/CNTR"
79993,SHENZHEN,PHNOM PENH,TSL,,NCX,越南,10,1,HOCHIMINH,SHEKOU,250,,,07/01,08/30,深圳海光,价格以截关日为准，免电放费，，起运港LOCAL以此为准 THC:RMB630/960;DOC:RMB450;SEAL:RMB30;EIR:RMB30;LSS:USD20/40,靠CW码头,"重柜需提前申请减免重柜费，20GP货柜超过21吨、40GP&HQ货柜超过24吨算重柜,重柜费USD30/CNTR"
1024,SHENZHEN,HOCHIMINH CAT LAI,TSL,,NCX,越南,3,1,,SHEKOU,55,90,90,08/05,08/30,深圳海光,价格以截关日为准，免电放费，，起运港LOCAL以此为准 THC:RMB630/960;DOC:RMB450;SEAL:RMB30;EIR:RMB30;LSS:USD20/40,目的港CIC:1150000/2300000,"20GP货柜超过21吨、40GP&HQ货柜超过24吨算重柜,重柜费USD30/CNTR"
183067,FOSHAN,CHITTAGONG,COSCO,,NE2,印巴,16,5,NANSHA,SANSHAN,1620,1700,1700,08/22,08/28,深圳海光,免电放；默认目的港14天免柜,价格以驳船开船日为准大船，驳船船期以头程公司确认为准，此船期只作为参考。国际中转可用，不含PCS USD50/50预付，不接受到付,"小柜货重超20Tons加收usd30/20gp重柜费,货加柜不能超24tons,超重不接,大柜含柜重超过30tons,加收重柜费USD40。"
183066,FOSHAN,KARACHI,COSCO,PICT,PMX,印巴,16,1,NANSHA,SANSHAN,645,695,695,08/22,08/28,深圳海光,免电放；默认目的港14天免柜,价格以驳船开船日为准大船，驳船船期以头程公司确认为准，此船期只作为参考。只适用于内河中转,小柜普重同价
183065,FOSHAN,MUNDRA,COSCO,,PMX,印巴,21,1,NANSHA,SANSHAN,470,520,520,08/22,08/28,深圳海光,免电放；默认目的港14天免柜,价格以驳船开船日为准大船，驳船船期以头程公司确认为准，此船期只作为参考。只适用于内河中转;VIA MUNDRA去内陆点，前程价格，请单询,小柜普重同价
183064,FOSHAN,PIPAVAV,COSCO,,CIX3,印巴,17,6,NANSHA,SANSHAN,,,,08/22,08/28,深圳海光,免电放；默认目的港14天免柜,价格以驳船开船日为准大船，驳船船期以头程公司确认为准，此船期只作为参考。只适用于内河中转;VIA PPV去内陆点，前程价格，请单询,小柜普重同价
183063,FOSHAN,NHAVA SHEVA,COSCO,,CI1,印巴,15,1,NANSHA,SANSHAN,415,465,465,08/22,08/28,深圳海光,免电放；默认目的港14天免柜,价格以驳船开船日为准大船，驳船船期以头程公司确认为准，此船期只作为参考。只适用于内河中转(含目的港PCS);VIA NSA去内陆点，前程价格，请单询,小柜普重同价
183062,FOSHAN,KARACHI,COSCO,SAPT,CI1,印巴,21,5,NANSHA,SANSHAN,525,645,645,08/22,08/28,深圳海光,免电放；默认目的港14天免柜,价格以驳船开船日为准大船，驳船船期以头程公司确认为准，此船期只作为参考。只适用于内河中转,小柜普重同价
183061,FOSHAN,KARACHI,COSCO,KICT,PMX,印巴,16,1,NANSHA,SANSHAN,645,695,695,08/22,08/28,深圳海光,免电放；默认目的港14天免柜,价格以驳船开船日为准大船，驳船船期以头程公司确认为准，此船期只作为参考。只适用于内河中转,小柜普重同价
183060,FOSHAN,COLOMBO,COSCO,,PMX,印巴,13,1,NANSHA,SANSHAN,845,895,895,08/22,08/28,深圳海光,免电放；默认目的港14天免柜,价格以驳船开船日为准大船，驳船船期以头程公司确认为准，此船期只作为参考。只适用于内河中转,小柜普重同价
183059,FOSHAN,CHENNAI,COSCO,,FCE,印巴,13,1,NANSHA,SANSHAN,545,595,595,08/22,08/28,深圳海光,免电放；默认目的港14天免柜,价格以驳船开船日为准（含目的港CIF USD125/250，需到付订舱备注),"小柜限重20吨<25吨（含柜重）,超25吨（含柜重）加重柜费USD25"
183058,FOSHAN,CHENNAI,COSCO,,FCS,印巴,13,5,NANSHA,SANSHAN,520,570,570,08/22,08/28,深圳海光,免电放；默认目的港14天免柜,价格以驳船开船日为准（含目的港CIF USD125/250，需到付订舱备注),"小柜限重20吨<25吨（含柜重）,超25吨（含柜重）加重柜费USD25"
182620,SHANTOU,CHITTAGONG,COSCO,,NE2,印巴,16,5,SHEKOU,SHANTOU,1650,1750,1750,08/22,08/28,深圳海光,免电放；默认目的港14天免柜,价格以驳船开船日为准大船，驳船船期以头程公司确认为准，此船期只作为参考。国际中转可用，只适用汕头广澳驳船，汕头国集需要加USD30/50，不含PCS USD50/50预付，不接受到付,"小柜货重超20Tons加收usd30/20gp重柜费,货加柜不能超24tons,超重不接,大柜含柜重超过30tons,加收重柜费USD40。"
182619,ZHUHAI,CHITTAGONG,COSCO,,NE2,印巴,16,5,SHEKOU,GAOLAN,1680,1750,1750,08/22,08/28,深圳海光,免电放；默认目的港14天免柜,价格以驳船开船日为准大船，驳船船期以头程公司确认为准，此船期只作为参考。国际中转可用，不含PCS USD50/50预付，不接受到付,"小柜货重超20Tons加收usd30/20gp重柜费,货加柜不能超24tons,超重不接,大柜含柜重超过30tons,加收重柜费USD40。"
182618,ZHONGSHAN,CHITTAGONG,COSCO,,NE2,印巴,16,5,SHEKOU,XiaoLan,1620,1700,1700,08/22,08/28,深圳海光,免电放；默认目的港14天免柜,价格以驳船开船日为准大船，驳船船期以头程公司确认为准，此船期只作为参考。国际中转可用，不含PCS USD50/50预付，不接受到付,"小柜货重超20Tons加收usd30/20gp重柜费,货加柜不能超24tons,超重不接,大柜含柜重超过30tons,加收重柜费USD40。"
182616,JIANGMEN,CHITTAGONG,COSCO,,NE2,印巴,16,5,SHEKOU,WAIHAI,1620,1700,1700,08/22,08/28,深圳海光,免电放；默认目的港14天免柜,价格以驳船开船日为准大船，驳船船期以头程公司确认为准，此船期只作为参考。国际中转可用，不含PCS USD50/50预付，不接受到付,"小柜货重超20Tons加收usd30/20gp重柜费,货加柜不能超24tons,超重不接,大柜含柜重超过30tons,加收重柜费USD40。"
182615,JIANGMEN,CHITTAGONG,COSCO,,NE2,印巴,16,5,SHEKOU,GAOSHA,1620,1700,1700,08/22,08/28,深圳海光,免电放；默认目的港14天免柜,价格以驳船开船日为准大船，驳船船期以头程公司确认为准，此船期只作为参考。国际中转可用，不含PCS USD50/50预付，不接受到付,"小柜货重超20Tons加收usd30/20gp重柜费,货加柜不能超24tons,超重不接,大柜含柜重超过30tons,加收重柜费USD40。"
182614,FOSHAN,CHITTAGONG,COSCO,,NE2,印巴,16,5,SHEKOU,GAOMING,1620,1700,1700,08/22,08/28,深圳海光,免电放；默认目的港14天免柜,价格以驳船开船日为准大船，驳船船期以头程公司确认为准，此船期只作为参考。国际中转可用，不含PCS USD50/50预付，不接受到付,"小柜货重超20Tons加收usd30/20gp重柜费,货加柜不能超24tons,超重不接,大柜含柜重超过30tons,加收重柜费USD40。"
182612,FOSHAN,CHITTAGONG,COSCO,,NE2,印巴,16,5,SHEKOU,LanShi,1620,1700,1700,08/22,08/28,深圳海光,免电放；默认目的港14天免柜,价格以驳船开船日为准大船，驳船船期以头程公司确认为准，此船期只作为参考。国际中转可用，不含PCS USD50/50预付，不接受到付,"小柜货重超20Tons加收usd30/20gp重柜费,货加柜不能超24tons,超重不接,大柜含柜重超过30tons,加收重柜费USD40。"
182610,GUANGZHOU,CHITTAGONG,COSCO,,NE2,印巴,16,5,SHEKOU,HuangPu,1620,1650,1650,08/22,08/28,深圳海光,免电放；默认目的港14天免柜,价格以驳船开船日为准大船，驳船船期以头程公司确认为准，此船期只作为参考。国际中转可用，不含PCS USD50/50预付，不接受到付,"小柜货重超20Tons加收usd30/20gp重柜费,货加柜不能超24tons,超重不接,大柜含柜重超过30tons,加收重柜费USD40。"
170505,SHANTOU,MUNDRA,COSCO,,PMX,印巴,21,1,SHEKOU,SHANTOU,500,570,570,08/22,08/28,深圳海光,免电放；默认目的港14天免柜,价格以驳船开船日为准大船，驳船船期以头程公司确认为准，此船期只作为参考。国际中转可用，只适用汕头广澳驳船，汕头国集需要加USD30/50;VIA MUNDRA去内陆点，前程价格，请单询,小柜普重同价
170504,ZHUHAI,MUNDRA,COSCO,,PMX,印巴,21,1,SHEKOU,GAOLAN,530,570,570,08/22,08/28,深圳海光,免电放；默认目的港14天免柜,价格以驳船开船日为准大船，驳船船期以头程公司确认为准，此船期只作为参考。只适用于内河中转;VIA MUNDRA去内陆点，前程价格，请单询,小柜普重同价
170503,ZHONGSHAN,MUNDRA,COSCO,,PMX,印巴,21,1,SHEKOU,XiaoLan,470,520,520,08/22,08/28,深圳海光,免电放；默认目的港14天免柜,价格以驳船开船日为准大船，驳船船期以头程公司确认为准，此船期只作为参考。只适用于内河中转;VIA MUNDRA去内陆点，前程价格，请单询,小柜普重同价
170501,JIANGMEN,MUNDRA,COSCO,,PMX,印巴,21,1,SHEKOU,WAIHAI,470,520,520,08/22,08/28,深圳海光,免电放；默认目的港14天免柜,价格以驳船开船日为准大船，驳船船期以头程公司确认为准，此船期只作为参考。只适用于内河中转;VIA MUNDRA去内陆点，前程价格，请单询,小柜普重同价
170500,JIANGMEN,MUNDRA,COSCO,,PMX,印巴,21,1,SHEKOU,GAOSHA,470,520,520,08/22,08/28,深圳海光,免电放；默认目的港14天免柜,价格以驳船开船日为准大船，驳船船期以头程公司确认为准，此船期只作为参考。只适用于内河中转;VIA MUNDRA去内陆点，前程价格，请单询,小柜普重同价
170499,FOSHAN,MUNDRA,COSCO,,PMX,印巴,21,1,SHEKOU,GAOMING,470,520,520,08/22,08/28,深圳海光,免电放；默认目的港14天免柜,价格以驳船开船日为准大船，驳船船期以头程公司确认为准，此船期只作为参考。只适用于内河中转;VIA MUNDRA去内陆点，前程价格，请单询,小柜普重同价
170497,FOSHAN,MUNDRA,COSCO,,PMX,印巴,21,1,SHEKOU,LanShi,470,520,520,08/22,08/28,深圳海光,免电放；默认目的港14天免柜,价格以驳船开船日为准大船，驳船船期以头程公司确认为准，此船期只作为参考。只适用于内河中转;VIA MUNDRA去内陆点，前程价格，请单询,小柜普重同价
170495,GUANGZHOU,MUNDRA,COSCO,,PMX,印巴,21,1,SHEKOU,HuangPu,470,470,470,08/22,08/28,深圳海光,免电放；默认目的港14天免柜,价格以驳船开船日为准大船，驳船船期以头程公司确认为准，此船期只作为参考。只适用于内河中转;VIA MUNDRA去内陆点，前程价格，请单询,小柜普重同价
170494,GUANGZHOU,MUNDRA,COSCO,,PMX,印巴,21,1,SHEKOU,NanSha,470,520,520,08/22,08/28,深圳海光,免电放；默认目的港14天免柜,价格以驳船开船日为准大船，驳船船期以头程公司确认为准，此船期只作为参考。只适用于内河中转;VIA MUNDRA去内陆点，前程价格，请单询,小柜普重同价
170355,SHANTOU,KARACHI,COSCO,PICT,PMX,印巴,16,1,SHEKOU,SHANTOU,675,745,745,08/22,08/28,深圳海光,免电放；默认目的港14天免柜,价格以驳船开船日为准大船，驳船船期以头程公司确认为准，此船期只作为参考。国际中转可用，只适用汕头广澳驳船，汕头国集需要加USD30/50,小柜普重同价
182609,GUANGZHOU,CHITTAGONG,COSCO,,AP1,印巴,16,6,SHEKOU,NanSha,1620,1700,1700,08/22,08/28,深圳海光,免电放；默认目的港14天免柜,价格以驳船开船日为准大船，驳船船期以头程公司确认为准，此船期只作为参考。国际中转可用，不含PCS USD50/50预付，不接受到付,"小柜货重超20Tons加收usd30/20gp重柜费,货加柜不能超24tons,超重不接,大柜含柜重超过30tons,加收重柜费USD40。"
177778,SHUNDE,PIPAVAV,COSCO,,CIX3,印巴,17,6,SHEKOU,LELIU,,,,08/22,08/28,深圳海光,免电放；默认目的港14天免柜,价格以驳船开船日为准大船，驳船船期以头程公司确认为准，此船期只作为参考。只适用于内河中转;VIA PPV去内陆点，前程价格，请单询,小柜普重同价
177777,SHUNDE,PIPAVAV,COSCO,,CIX3,印巴,17,6,SHEKOU,BEIJIAO,,,,08/22,08/28,深圳海光,免电放；默认目的港14天免柜,价格以驳船开船日为准大船，驳船船期以头程公司确认为准，此船期只作为参考。只适用于内河中转;VIA PPV去内陆点，前程价格，请单询,小柜普重同价
177776,SHUNDE,PIPAVAV,COSCO,,CIX3,印巴,17,6,SHEKOU,RONGQI,,,,08/22,08/28,深圳海光,免电放；默认目的港14天免柜,价格以驳船开船日为准大船，驳船船期以头程公司确认为准，此船期只作为参考。只适用于内河中转;VIA PPV去内陆点，前程价格，请单询,小柜普重同价
177775,GUANGXI,PIPAVAV,COSCO,,CIX3,印巴,17,6,SHEKOU,WUZHOU,,,,08/22,08/28,深圳海光,免电放；默认目的港14天免柜,价格以驳船开船日为准大船，驳船船期以头程公司确认为准，此船期只作为参考。只适用于内河中转;VIA PPV去内陆点，前程价格，请单询,小柜普重同价
177774,ZHANJIANG,PIPAVAV,COSCO,,CIX3,印巴,17,6,SHEKOU,ZHANJIANG,,,,08/22,08/28,深圳海光,免电放；默认目的港14天免柜,价格以驳船开船日为准大船，驳船船期以头程公司确认为准，此船期只作为参考。只适用于内河中转;VIA PPV去内陆点，前程价格，请单询,小柜普重同价
177773,SHANTOU,PIPAVAV,COSCO,,CIX3,印巴,17,6,SHEKOU,SHANTOU,,,,08/22,08/28,深圳海光,免电放；默认目的港14天免柜,价格以驳船开船日为准大船，驳船船期以头程公司确认为准，此船期只作为参考。国际中转可用，只适用汕头广澳驳船，汕头国集需要加USD30/50;VIA PPV去内陆点，前程价格，请单询,小柜普重同价
177772,ZHUHAI,PIPAVAV,COSCO,,CIX3,印巴,17,6,SHEKOU,GAOLAN,,,,08/22,08/28,深圳海光,免电放；默认目的港14天免柜,价格以驳船开船日为准大船，驳船船期以头程公司确认为准，此船期只作为参考。只适用于内河中转;VIA PPV去内陆点，前程价格，请单询,小柜普重同价
177771,ZHONGSHAN,PIPAVAV,COSCO,,CIX3,印巴,17,6,SHEKOU,XiaoLan,,,,08/22,08/28,深圳海光,免电放；默认目的港14天免柜,价格以驳船开船日为准大船，驳船船期以头程公司确认为准，此船期只作为参考。只适用于内河中转;VIA PPV去内陆点，前程价格，请单询,小柜普重同价
177770,ZHAOQING,PIPAVAV,COSCO,,CIX3,印巴,17,6,SHEKOU,NEWPORT,,,,08/22,08/28,深圳海光,免电放；默认目的港14天免柜,价格以驳船开船日为准大船，驳船船期以头程公司确认为准，此船期只作为参考。只适用于内河中转;VIA PPV去内陆点，前程价格，请单询,小柜普重同价
177769,JIANGMEN,PIPAVAV,COSCO,,CIX3,印巴,17,6,SHEKOU,WAIHAI,,,,08/22,08/28,深圳海光,免电放；默认目的港14天免柜,价格以驳船开船日为准大船，驳船船期以头程公司确认为准，此船期只作为参考。只适用于内河中转;VIA PPV去内陆点，前程价格，请单询,小柜普重同价
177768,JIANGMEN,PIPAVAV,COSCO,,CIX3,印巴,17,6,SHEKOU,GAOSHA,,,,08/22,08/28,深圳海光,免电放；默认目的港14天免柜,价格以驳船开船日为准大船，驳船船期以头程公司确认为准，此船期只作为参考。只适用于内河中转;VIA PPV去内陆点，前程价格，请单询,小柜普重同价
177767,FOSHAN,PIPAVAV,COSCO,,CIX3,印巴,17,6,SHEKOU,GAOMING,,,,08/22,08/28,深圳海光,免电放；默认目的港14天免柜,价格以驳船开船日为准大船，驳船船期以头程公司确认为准，此船期只作为参考。只适用于内河中转;VIA PPV去内陆点，前程价格，请单询,小柜普重同价
177765,FOSHAN,PIPAVAV,COSCO,,CIX3,印巴,17,6,SHEKOU,LanShi,,,,08/22,08/28,深圳海光,免电放；默认目的港14天免柜,价格以驳船开船日为准大船，驳船船期以头程公司确认为准，此船期只作为参考。只适用于内河中转;VIA PPV去内陆点，前程价格，请单询,小柜普重同价
177763,GUANGZHOU,PIPAVAV,COSCO,,CIX3,印巴,17,6,SHEKOU,HuangPu,,,,08/22,08/28,深圳海光,免电放；默认目的港14天免柜,价格以驳船开船日为准大船，驳船船期以头程公司确认为准，此船期只作为参考。只适用于内河中转;VIA PPV去内陆点，前程价格，请单询,小柜普重同价
177762,GUANGZHOU,PIPAVAV,COSCO,,CIX3,印巴,17,6,SHEKOU,NanSha,,,,08/22,08/28,深圳海光,免电放；默认目的港14天免柜,价格以驳船开船日为准大船，驳船船期以头程公司确认为准，此船期只作为参考。国际中转可用;VIA PPV去内陆点，前程价格，请单询,小柜普重同价
170942,FOSHAN,CHENNAI,COSCO,,FCE,印巴,13,1,SHEKOU,GAOMING,545,595,595,08/22,08/28,深圳海光,免电放；默认目的港14天免柜,价格以驳船开船日为准（含目的港CIF USD125/250，需到付订舱备注),"小柜限重20吨<25吨（含柜重）,超25吨（含柜重）加重柜费USD25"
170940,FOSHAN,CHENNAI,COSCO,,FCE,印巴,13,1,SHEKOU,LanShi,545,595,595,08/22,08/28,深圳海光,免电放；默认目的港14天免柜,价格以驳船开船日为准（含目的港CIF USD125/250，需到付订舱备注),"小柜限重20吨<25吨（含柜重）,超25吨（含柜重）加重柜费USD25"
170938,GUANGZHOU,CHENNAI,COSCO,,FCE,印巴,13,1,SHEKOU,HuangPu,545,545,545,08/22,08/28,深圳海光,免电放；默认目的港14天免柜,价格以驳船开船日为准（含目的港CIF USD125/250，需到付订舱备注),"小柜限重20吨<25吨（含柜重）,超25吨（含柜重）加重柜费USD25"
170937,GUANGZHOU,CHENNAI,COSCO,,FCE,印巴,13,1,SHEKOU,NanSha,545,595,595,08/22,08/28,深圳海光,免电放；默认目的港14天免柜,价格以驳船开船日为准（含目的港CIF USD125/250，需到付订舱备注),"小柜限重20吨<25吨（含柜重）,超25吨（含柜重）加重柜费USD25"
170354,ZHUHAI,KARACHI,COSCO,PICT,PMX,印巴,16,1,SHEKOU,GAOLAN,705,745,745,08/22,08/28,深圳海光,免电放；默认目的港14天免柜,价格以驳船开船日为准大船，驳船船期以头程公司确认为准，此船期只作为参考。只适用于内河中转,小柜普重同价
170353,ZHONGSHAN,KARACHI,COSCO,PICT,PMX,印巴,16,1,SHEKOU,XiaoLan,645,695,695,08/22,08/28,深圳海光,免电放；默认目的港14天免柜,价格以驳船开船日为准大船，驳船船期以头程公司确认为准，此船期只作为参考。只适用于内河中转,小柜普重同价
170351,JIANGMEN,KARACHI,COSCO,PICT,PMX,印巴,16,1,SHEKOU,WAIHAI,645,695,695,08/22,08/28,深圳海光,免电放；默认目的港14天免柜,价格以驳船开船日为准大船，驳船船期以头程公司确认为准，此船期只作为参考。只适用于内河中转,小柜普重同价
170350,JIANGMEN,KARACHI,COSCO,PICT,PMX,印巴,16,1,SHEKOU,GAOSHA,645,695,695,08/22,08/28,深圳海光,免电放；默认目的港14天免柜,价格以驳船开船日为准大船，驳船船期以头程公司确认为准，此船期只作为参考。只适用于内河中转,小柜普重同价
170349,FOSHAN,KARACHI,COSCO,PICT,PMX,印巴,16,1,SHEKOU,GAOMING,645,695,695,08/22,08/28,深圳海光,免电放；默认目的港14天免柜,价格以驳船开船日为准大船，驳船船期以头程公司确认为准，此船期只作为参考。只适用于内河中转,小柜普重同价
170347,FOSHAN,KARACHI,COSCO,PICT,PMX,印巴,16,1,SHEKOU,LanShi,645,695,695,08/22,08/28,深圳海光,免电放；默认目的港14天免柜,价格以驳船开船日为准大船，驳船船期以头程公司确认为准，此船期只作为参考。只适用于内河中转,小柜普重同价
170345,GUANGZHOU,KARACHI,COSCO,PICT,PMX,印巴,16,1,SHEKOU,HuangPu,645,645,645,08/22,08/28,深圳海光,免电放；默认目的港14天免柜,价格以驳船开船日为准大船，驳船船期以头程公司确认为准，此船期只作为参考。只适用于内河中转,小柜普重同价
170344,GUANGZHOU,KARACHI,COSCO,PICT,PMX,印巴,16,1,SHEKOU,NanSha,645,695,695,08/22,08/28,深圳海光,免电放；默认目的港14天免柜,价格以驳船开船日为准大船，驳船船期以头程公司确认为准，此船期只作为参考。国际中转可用,小柜普重同价
170343,SHENZHEN,KARACHI,COSCO,PICT,PMX,印巴,13,1,,SHEKOU,595,595,595,08/22,08/28,深圳海光,免电放；默认目的港14天免柜,价格以大船开船日为准,小柜普重同价
170342,SHENZHEN,MUNDRA,COSCO,,PMX,印巴,18,1,,SHEKOU,420,420,420,08/22,08/28,深圳海光,免电放；默认目的港14天免柜,价格以大船开船日为准大船;VIA MUNDRA去内陆点，前程价格，请单询,小柜普重同价
170341,SHENZHEN,PIPAVAV,COSCO,,CIX3,印巴,14,1,,ChiWan,,,,08/22,08/28,深圳海光,免电放；默认目的港14天免柜,价格以大船开船日为准;VIA PPV去内陆点，前程价格，请单询,小柜普重同价
170340,SHENZHEN,NHAVA SHEVA,COSCO,,CI2,印巴,13,6,,SHEKOU,365,365,365,08/22,08/28,深圳海光,免电放；默认目的港14天免柜,价格以大船开船日为准（含目的港PCS);VIA NSA去内陆点，前程价格，请单询,小柜普重同价
170334,SHANTOU,KARACHI,COSCO,SAPT,CI1,印巴,21,5,SHEKOU,SHANTOU,555,695,695,08/22,08/28,深圳海光,免电放；默认目的港14天免柜,价格以驳船开船日为准大船，驳船船期以头程公司确认为准，此船期只作为参考。国际中转可用，只适用汕头广澳驳船，汕头国集需要加USD30/50,小柜普重同价
170333,ZHUHAI,KARACHI,COSCO,SAPT,CI1,印巴,21,5,SHEKOU,GAOLAN,585,695,695,08/22,08/28,深圳海光,免电放；默认目的港14天免柜,价格以驳船开船日为准大船，驳船船期以头程公司确认为准，此船期只作为参考。只适用于内河中转,小柜普重同价
170332,ZHONGSHAN,KARACHI,COSCO,SAPT,CI1,印巴,21,5,SHEKOU,XiaoLan,525,645,645,08/22,08/28,深圳海光,免电放；默认目的港14天免柜,价格以驳船开船日为准大船，驳船船期以头程公司确认为准，此船期只作为参考。只适用于内河中转,小柜普重同价
170330,JIANGMEN,KARACHI,COSCO,SAPT,CI1,印巴,21,5,SHEKOU,WAIHAI,525,645,645,08/22,08/28,深圳海光,免电放；默认目的港14天免柜,价格以驳船开船日为准大船，驳船船期以头程公司确认为准，此船期只作为参考。只适用于内河中转,小柜普重同价
170329,JIANGMEN,KARACHI,COSCO,SAPT,CI1,印巴,21,5,SHEKOU,GAOSHA,525,645,645,08/22,08/28,深圳海光,免电放；默认目的港14天免柜,价格以驳船开船日为准大船，驳船船期以头程公司确认为准，此船期只作为参考。只适用于内河中转,小柜普重同价
170328,FOSHAN,KARACHI,COSCO,SAPT,CI1,印巴,21,5,SHEKOU,GAOMING,525,645,645,08/22,08/28,深圳海光,免电放；默认目的港14天免柜,价格以驳船开船日为准大船，驳船船期以头程公司确认为准，此船期只作为参考。只适用于内河中转,小柜普重同价
170326,FOSHAN,KARACHI,COSCO,SAPT,CI1,印巴,21,5,SHEKOU,LanShi,525,645,645,08/22,08/28,深圳海光,免电放；默认目的港14天免柜,价格以驳船开船日为准大船，驳船船期以头程公司确认为准，此船期只作为参考。只适用于内河中转,小柜普重同价
170324,GUANGZHOU,KARACHI,COSCO,SAPT,CI1,印巴,21,5,SHEKOU,HuangPu,525,595,595,08/22,08/28,深圳海光,免电放；默认目的港14天免柜,价格以驳船开船日为准大船，驳船船期以头程公司确认为准，此船期只作为参考。只适用于内河中转,小柜普重同价
170323,GUANGZHOU,KARACHI,COSCO,SAPT,CI1,印巴,21,5,SHEKOU,NanSha,525,645,645,08/22,08/28,深圳海光,免电放；默认目的港14天免柜,价格以驳船开船日为准大船，驳船船期以头程公司确认为准，此船期只作为参考。国际中转可用,小柜普重同价
170322,SHENZHEN,KARACHI,COSCO,SAPT,CI1,印巴,18,1,,SHEKOU,475,545,545,08/22,08/28,深圳海光,免电放；默认目的港14天免柜,价格以大船开船日为准,小柜普重同价
170316,SHANTOU,KARACHI,COSCO,KICT,PMX,印巴,16,1,SHEKOU,SHANTOU,675,745,745,08/22,08/28,深圳海光,免电放；默认目的港14天免柜,价格以驳船开船日为准大船，驳船船期以头程公司确认为准，此船期只作为参考。国际中转可用，只适用汕头广澳驳船，汕头国集需要加USD30/50,小柜普重同价
170315,ZHUHAI,KARACHI,COSCO,KICT,PMX,印巴,16,1,SHEKOU,GAOLAN,705,745,745,08/22,08/28,深圳海光,免电放；默认目的港14天免柜,价格以驳船开船日为准大船，驳船船期以头程公司确认为准，此船期只作为参考。只适用于内河中转,小柜普重同价
170314,ZHONGSHAN,KARACHI,COSCO,KICT,PMX,印巴,16,1,SHEKOU,XiaoLan,645,695,695,08/22,08/28,深圳海光,免电放；默认目的港14天免柜,价格以驳船开船日为准大船，驳船船期以头程公司确认为准，此船期只作为参考。只适用于内河中转,小柜普重同价
170312,JIANGMEN,KARACHI,COSCO,KICT,PMX,印巴,16,1,SHEKOU,WAIHAI,645,695,695,08/22,08/28,深圳海光,免电放；默认目的港14天免柜,价格以驳船开船日为准大船，驳船船期以头程公司确认为准，此船期只作为参考。只适用于内河中转,小柜普重同价
170311,JIANGMEN,KARACHI,COSCO,KICT,PMX,印巴,16,1,SHEKOU,GAOSHA,645,695,695,08/22,08/28,深圳海光,免电放；默认目的港14天免柜,价格以驳船开船日为准大船，驳船船期以头程公司确认为准，此船期只作为参考。只适用于内河中转,小柜普重同价
170310,FOSHAN,KARACHI,COSCO,KICT,PMX,印巴,16,1,SHEKOU,GAOMING,645,695,695,08/22,08/28,深圳海光,免电放；默认目的港14天免柜,价格以驳船开船日为准大船，驳船船期以头程公司确认为准，此船期只作为参考。只适用于内河中转,小柜普重同价
170308,FOSHAN,KARACHI,COSCO,KICT,PMX,印巴,16,1,SHEKOU,LanShi,645,695,695,08/22,08/28,深圳海光,免电放；默认目的港14天免柜,价格以驳船开船日为准大船，驳船船期以头程公司确认为准，此船期只作为参考。只适用于内河中转,小柜普重同价
170306,GUANGZHOU,KARACHI,COSCO,KICT,PMX,印巴,16,1,SHEKOU,HuangPu,645,645,645,08/22,08/28,深圳海光,免电放；默认目的港14天免柜,价格以驳船开船日为准大船，驳船船期以头程公司确认为准，此船期只作为参考。只适用于内河中转,小柜普重同价
170305,GUANGZHOU,KARACHI,COSCO,KICT,PMX,印巴,16,1,SHEKOU,NanSha,645,695,695,08/22,08/28,深圳海光,免电放；默认目的港14天免柜,价格以驳船开船日为准大船，驳船船期以头程公司确认为准，此船期只作为参考。国际中转可用,小柜普重同价
170304,SHENZHEN,KARACHI,COSCO,KICT,PMX,印巴,13,1,,SHEKOU,595,595,595,08/22,08/28,深圳海光,免电放；默认目的港14天免柜,价格以大船开船日为准,小柜普重同价
170298,SHANTOU,COLOMBO,COSCO,,PMX,印巴,13,1,SHEKOU,SHANTOU,875,945,945,08/22,08/28,深圳海光,免电放；默认目的港14天免柜,价格以驳船开船日为准大船，驳船船期以头程公司确认为准，此船期只作为参考。国际中转可用，只适用汕头广澳驳船，汕头国集需要加USD30/50,小柜普重同价
170297,ZHUHAI,COLOMBO,COSCO,,PMX,印巴,13,1,SHEKOU,GAOLAN,905,945,945,08/22,08/28,深圳海光,免电放；默认目的港14天免柜,价格以驳船开船日为准大船，驳船船期以头程公司确认为准，此船期只作为参考。只适用于内河中转,小柜普重同价
170296,ZHONGSHAN,COLOMBO,COSCO,,PMX,印巴,13,1,SHEKOU,XiaoLan,845,895,895,08/22,08/28,深圳海光,免电放；默认目的港14天免柜,价格以驳船开船日为准大船，驳船船期以头程公司确认为准，此船期只作为参考。只适用于内河中转,小柜普重同价
170294,JIANGMEN,COLOMBO,COSCO,,PMX,印巴,13,1,SHEKOU,WAIHAI,845,895,895,08/22,08/28,深圳海光,免电放；默认目的港14天免柜,价格以驳船开船日为准大船，驳船船期以头程公司确认为准，此船期只作为参考。只适用于内河中转,小柜普重同价
170293,JIANGMEN,COLOMBO,COSCO,,PMX,印巴,13,1,SHEKOU,GAOSHA,845,895,895,08/22,08/28,深圳海光,免电放；默认目的港14天免柜,价格以驳船开船日为准大船，驳船船期以头程公司确认为准，此船期只作为参考。只适用于内河中转,小柜普重同价
170292,FOSHAN,COLOMBO,COSCO,,PMX,印巴,13,1,SHEKOU,GAOMING,845,895,895,08/22,08/28,深圳海光,免电放；默认目的港14天免柜,价格以驳船开船日为准大船，驳船船期以头程公司确认为准，此船期只作为参考。只适用于内河中转,小柜普重同价
170290,FOSHAN,COLOMBO,COSCO,,PMX,印巴,13,1,SHEKOU,LanShi,845,895,895,08/22,08/28,深圳海光,免电放；默认目的港14天免柜,价格以驳船开船日为准大船，驳船船期以头程公司确认为准，此船期只作为参考。只适用于内河中转,小柜普重同价
170288,GUANGZHOU,COLOMBO,COSCO,,PMX,印巴,13,1,SHEKOU,HuangPu,845,845,845,08/22,08/28,深圳海光,免电放；默认目的港14天免柜,价格以驳船开船日为准大船，驳船船期以头程公司确认为准，此船期只作为参考。国际中转可用,小柜普重同价
170287,GUANGZHOU,COLOMBO,COSCO,,PMX,印巴,13,1,SHEKOU,NanSha,845,895,895,08/22,08/28,深圳海光,免电放；默认目的港14天免柜,价格以驳船开船日为准大船，驳船船期以头程公司确认为准，此船期只作为参考。国际中转可用,小柜普重同价
170286,SHENZHEN,COLOMBO,COSCO,,PMX,印巴,10,1,,SHEKOU,795,795,795,08/22,08/28,深圳海光,免电放；默认目的港14天免柜,价格以大船开船日为准,小柜普重同价
149616,SHENZHEN,CHITTAGONG,COSCO,,NE2,印巴,15,5,SINGAPORE,YANTIAN,1570,1600,1600,08/22,08/28,深圳海光,免电放；默认目的港14天免柜,"价格以大船开船日为准,目的港塞港至少3周左右，不含PCS USD50/50预付，不接受到付","小柜货重超20Tons加收usd30/20gp重柜费,货加柜不能超24tons,超重不接,大柜含柜重超过30tons,加收重柜费USD40。"
141245,SHANTOU,NHAVA SHEVA,COSCO,,CI1,印巴,15,1,SHEKOU,SHANTOU,445,515,515,08/22,08/28,深圳海光,免电放；默认目的港14天免柜,价格以驳船开船日为准大船，驳船船期以头程公司确认为准，此船期只作为参考。国际中转可用(含目的港PCS)只适用汕头广澳驳船，汕头国集需要加USD30/50;VIA NSA去内陆点，前程价格，请单询,小柜普重同价
141244,ZHUHAI,NHAVA SHEVA,COSCO,,CI1,印巴,15,1,SHEKOU,GAOLAN,475,515,515,08/22,08/28,深圳海光,免电放；默认目的港14天免柜,价格以驳船开船日为准大船，驳船船期以头程公司确认为准，此船期只作为参考。只适用于内河中转(含目的港PCS);VIA NSA去内陆点，前程价格，请单询,小柜普重同价
141243,ZHONGSHAN,NHAVA SHEVA,COSCO,,CI1,印巴,15,1,SHEKOU,XiaoLan,415,465,465,08/22,08/28,深圳海光,免电放；默认目的港14天免柜,价格以驳船开船日为准大船，驳船船期以头程公司确认为准，此船期只作为参考。只适用于内河中转(含目的港PCS);VIA NSA去内陆点，前程价格，请单询,小柜普重同价
141241,JIANGMEN,NHAVA SHEVA,COSCO,,CI1,印巴,15,1,SHEKOU,WAIHAI,415,465,465,08/22,08/28,深圳海光,免电放；默认目的港14天免柜,价格以驳船开船日为准大船，驳船船期以头程公司确认为准，此船期只作为参考。只适用于内河中转(含目的港PCS);VIA NSA去内陆点，前程价格，请单询,小柜普重同价
141240,JIANGMEN,NHAVA SHEVA,COSCO,,CI1,印巴,15,1,SHEKOU,GAOSHA,415,465,465,08/22,08/28,深圳海光,免电放；默认目的港14天免柜,价格以驳船开船日为准大船，驳船船期以头程公司确认为准，此船期只作为参考。只适用于内河中转(含目的港PCS);VIA NSA去内陆点，前程价格，请单询,小柜普重同价
141239,FOSHAN,NHAVA SHEVA,COSCO,,CI1,印巴,15,1,SHEKOU,GAOMING,415,465,465,08/22,08/28,深圳海光,免电放；默认目的港14天免柜,价格以驳船开船日为准大船，驳船船期以头程公司确认为准，此船期只作为参考。只适用于内河中转(含目的港PCS);VIA NSA去内陆点，前程价格，请单询,小柜普重同价
141237,FOSHAN,NHAVA SHEVA,COSCO,,CI1,印巴,15,1,SHEKOU,LanShi,415,465,465,08/22,08/28,深圳海光,免电放；默认目的港14天免柜,价格以驳船开船日为准大船，驳船船期以头程公司确认为准，此船期只作为参考。只适用于内河中转(含目的港PCS);VIA NSA去内陆点，前程价格，请单询,小柜普重同价
141235,GUANGZHOU,NHAVA SHEVA,COSCO,,CI1,印巴,15,1,SHEKOU,HuangPu,415,415,415,08/22,08/28,深圳海光,免电放；默认目的港14天免柜,价格以驳船开船日为准大船，驳船船期以头程公司确认为准，此船期只作为参考。只适用于内河中转(含目的港PCS);VIA NSA去内陆点，前程价格，请单询,小柜普重同价
141234,GUANGZHOU,NHAVA SHEVA,COSCO,,CI1,印巴,15,1,SHEKOU,NanSha,415,465,465,08/22,08/28,深圳海光,免电放；默认目的港14天免柜,价格以驳船开船日为准大船，驳船船期以头程公司确认为准，此船期只作为参考。国际中转可用(含目的港PCS);VIA NSA去内陆点，前程价格，请单询,小柜普重同价
141225,SHENZHEN,NHAVA SHEVA,COSCO,,CI1,印巴,12,1,,SHEKOU,365,365,365,08/22,08/28,深圳海光,免电放；默认目的港14天免柜,价格以大船开船日为准（含目的港PCS);VIA NSA去内陆点，前程价格，请单询,小柜普重同价
24384,FOSHAN,CHENNAI,COSCO,,FCS,印巴,13,5,SHEKOU,GAOMING,520,570,570,08/22,08/28,深圳海光,免电放；默认目的港14天免柜,价格以驳船开船日为准（含目的港CIF USD125/250，需到付订舱备注),"小柜限重20吨<25吨（含柜重）,超25吨（含柜重）加重柜费USD25"
141224,HONGKONG,CHENNAI,COSCO,,FCE,印巴,10,1,,HONGKONG,495,495,495,08/22,08/28,深圳海光,免电放；默认目的港14天免柜,价格以驳船开船日为准（含目的港CIF USD125/250，需到付订舱备注),"小柜限重20吨<25吨（含柜重）,超25吨（含柜重）加重柜费USD25"
24370,FOSHAN,CHENNAI,COSCO,,FCS,印巴,13,5,SHEKOU,LanShi,520,570,570,08/22,08/28,深圳海光,免电放；默认目的港14天免柜,价格以驳船开船日为准（含目的港CIF USD125/250，需到付订舱备注),"小柜限重20吨<25吨（含柜重）,超25吨（含柜重）加重柜费USD25"
141223,SHENZHEN,CHENNAI,COSCO,,FCE,印巴,10,1,,SHEKOU,495,495,495,08/22,08/28,深圳海光,免电放；默认目的港14天免柜,价格以大船开船日为准（含目的港CIF USD125/250，需到付订舱备注),"小柜限重20吨<25吨（含柜重）,超25吨（含柜重）加重柜费USD25"
24356,GUANGZHOU,CHENNAI,COSCO,,FCS,印巴,13,5,SHEKOU,HuangPu,520,520,520,08/22,08/28,深圳海光,免电放；默认目的港14天免柜,价格以驳船开船日为准（含目的港CIF USD125/250，需到付订舱备注),"小柜限重20吨<25吨（含柜重）,超25吨（含柜重）加重柜费USD25"
24426,SHANTOU,CHENNAI,COSCO,,FCS,印巴,13,5,SHEKOU,SHANTOU,550,620,620,08/22,08/28,深圳海光,免电放；默认目的港14天免柜,"价格以驳船开船日为准（含目的港CIF USD125/250，需到付订舱备注),只适用汕头广澳驳船，汕头国集需要加USD30/50","小柜限重20吨<25吨（含柜重）,超25吨（含柜重）加重柜费USD25"
24349,GUANGZHOU,CHENNAI,COSCO,,FCS,印巴,13,5,SHEKOU,NanSha,520,570,570,08/22,08/28,深圳海光,免电放；默认目的港14天免柜,价格以驳船开船日为准（含目的港CIF USD125/250，需到付订舱备注),"小柜限重20吨<25吨（含柜重）,超25吨（含柜重）加重柜费USD25"
24419,ZHUHAI,CHENNAI,COSCO,,FCS,印巴,13,5,SHEKOU,GAOLAN,580,620,620,08/22,08/28,深圳海光,免电放；默认目的港14天免柜,价格以驳船开船日为准（含目的港CIF USD125/250，需到付订舱备注),"小柜限重20吨<25吨（含柜重）,超25吨（含柜重）加重柜费USD25"
24412,ZHONGSHAN,CHENNAI,COSCO,,FCS,印巴,13,5,SHEKOU,XiaoLan,520,570,570,08/22,08/28,深圳海光,免电放；默认目的港14天免柜,价格以驳船开船日为准（含目的港CIF USD125/250，需到付订舱备注),"小柜限重20吨<25吨（含柜重）,超25吨（含柜重）加重柜费USD25"
24398,JIANGMEN,CHENNAI,COSCO,,FCS,印巴,13,5,SHEKOU,WAIHAI,520,570,570,08/22,08/28,深圳海光,免电放；默认目的港14天免柜,价格以驳船开船日为准（含目的港CIF USD125/250，需到付订舱备注),"小柜限重20吨<25吨（含柜重）,超25吨（含柜重）加重柜费USD25"
24391,JIANGMEN,CHENNAI,COSCO,,FCS,印巴,13,5,SHEKOU,GAOSHA,520,570,570,08/22,08/28,深圳海光,免电放；默认目的港14天免柜,价格以驳船开船日为准（含目的港CIF USD125/250，需到付订舱备注),"小柜限重20吨<25吨（含柜重）,超25吨（含柜重）加重柜费USD25"
189776,SHENZHEN,MONGLA,PIL,,RES,印巴,18,1,SINGAPORE,SHEKOU,995,1370,1370,08/14,08/31,深圳海光,"不可以SWB,不免电放；默认目的港14天免柜",价格以开船日为准,"20GP限重21T,20小柜超过21T 加USD35选柜费,
40大柜25T以上加USD55选柜费,
小柜最多不要超过27T."
189775,SHENZHEN,DHAKA,PIL,,RES,印巴,19,1,SINGAPORE,SHEKOU,1395,1820,1820,08/14,08/31,深圳海光,"不可以SWB,不免电放；默认目的港14天免柜",价格以开船日为准,"20GP限重21T,20小柜超过21T 加USD35选柜费,
40大柜25T以上加USD55选柜费,
小柜最多不要超过27T."
189772,SHENZHEN,DHAKA,PIL,,RSS,印巴,19,5,SINGAPORE,SHEKOU,1395,1820,1820,08/14,08/31,深圳海光,"不可以SWB,不免电放；默认目的港14天免柜",价格以开船日为准,"20GP限重21T,20小柜超过21T 加USD35选柜费,
40大柜25T以上加USD55选柜费,
小柜最多不要超过27T."
189771,SHENZHEN,CHITTAGONG,PIL,,RSS,印巴,12,5,SINGAPORE,SHEKOU,1045,1370,1370,08/14,08/31,深圳海光,"不可以SWB,不免电放；默认目的港14天免柜",价格以开船日为准,"20GP限重21T,20小柜超过21T 加USD35选柜费,
40大柜25T以上加USD55选柜费,
小柜最多不要超过27T."
170654,SHENZHEN,COLOMBO,PIL,,PMX,印巴,11,1,,SHEKOU,545,670,670,08/17,08/22,深圳海光,"不可以SWB,不免电放；默认目的港14天免柜","价格以开船日为准,","20GP限重21T,20小柜超过21T 加USD35选柜费,
40大柜25T以上加USD55选柜费,
小柜最多不要超过27T."
170578,SHENZHEN,KARACHI,PIL,PICT,PMX,印巴,16,1,,SHEKOU,520,570,570,08/17,08/22,深圳海光,"不可以SWB,不免电放；默认目的港14天免柜","价格以开船日为准,","20GP限重21T,20小柜超过21T 加USD35选柜费,
40大柜25T以上加USD55选柜费,
小柜最多不要超过27T."
170577,SHENZHEN,KARACHI,PIL,KICT,PMX,印巴,14,1,,SHEKOU,520,570,570,08/17,08/22,深圳海光,"不可以SWB,不免电放；默认目的港14天免柜","价格以开船日为准,","20GP限重21T,20小柜超过21T 加USD35选柜费,
40大柜25T以上加USD55选柜费,
小柜最多不要超过27T."
150221,SHENZHEN,CALCUTTA(KOLKATA),PIL,,PM2,印巴,20,1,SINGAPORE,SHEKOU,695,1070,1070,08/01,08/26,深圳海光,"不可以SWB,不免电放；默认目的港14天免柜","价格以开船日为准,","20GP限重21T,20小柜超过21T 加USD35选柜费,
40大柜25T以上加USD55选柜费,
小柜最多不要超过27T."
147642,SHENZHEN,NHAVA SHEVA,PIL,,IF3,印巴,15,5,SINGAPORE,SHEKOU,370,370,370,08/01,08/17,深圳海光,"不可以SWB,不免电放；默认目的港14天免柜","价格以开船日为准(含目的港CISD USD100/200,可到付BOOKING备注清楚)","20GP限重21T,20小柜超过21T 加USD35选柜费,
40大柜25T以上加USD55选柜费,
小柜最多不要超过27T."
69032,SHENZHEN,CHENNAI,PIL,,PNX,印巴,14,5,SINGAPORE,SHEKOU,395,470,470,08/01,08/26,深圳海光,"不可以SWB,不免电放；默认目的港14天免柜",价格以开船日为准(OCRD USD100/200到付）,"20GP限重21T,20小柜超过21T 加USD35选柜费,
40大柜25T以上加USD55选柜费,
小柜最多不要超过27T."
163789,GUANGZHOU,UMM QASAR,OOCL,靠N港,中东,中东,20,6,JEBEL ALI,HuangPu,1020,1520,1520,08/22,08/31,广州海光,"免电放，目的港免柜期21天+25/50,28天+100/200","从2019-8-9号ON BOARD DAY 开始征收WRS USD50/100默认预付，SK5/6(ME4) ,NS2/3（ME5暂不安排）",
163786,GUANGZHOU,UMM QASAR,OOCL,靠S港,中东,中东,20,6,JEBEL ALI,HuangPu,1070,1620,1620,08/22,08/31,广州海光,"目的港免柜期21天+25/50,28天+100/200","从2019-8-9号ON BOARD DAY 开始征收WRS USD50/100默认预付，SK1/2(ME1),SK5/6(ME3) ,NS2/3(ME5暂停安排）",
160293,GUANGZHOU,Kuwait,OOCL,SHUAIBA,中东,中东,18,3,JEBEL ALI,NanSha,895,1370,1370,08/22,08/31,广州海光,"免电放,订舱订备注去SHUAIBA，目的港免柜期21天+25/50,28天+100/200，目的港另有PCS USD300/600",从2019-8-9号ON BOARD DAY 开始征收WRS USD50/100默认预付，NANSHA:2/3(ME5),
160292,GUANGZHOU,BAHRAIN,OOCL,,中东,中东,22,3,JEBEL ALI,NanSha,745,1170,1170,08/22,08/31,广州海光,"免电放，目的港免柜期21天+25/50,28天+100/200",从2019-8-9号ON BOARD DAY 开始征收WRS USD50/100默认预付，NANSHA:2/3(ME5),
160291,GUANGZHOU,SOHAR,OOCL,,中东,中东,20,3,JEBEL ALI,NanSha,745,1170,1170,08/22,08/31,广州海光,"免电放，目的港免柜期21天+25/50,28天+100/200",从2019-8-9号ON BOARD DAY 开始征收WRS USD50/100默认预付，NANSHA:2/3(ME5),
