id,附加费,单位,币种,20底,40底,40HQ底,单票
200041,GJF,GH,RMB,64,96,96,
200041,DCF,P,RMB,,,,82
200041,DOC,P,RMB,,,,450
200041,SEAL,X,RMB,,,,30
200041,THC,GH,RMB,550,825,825,
200041,TELEX,P,RMB,,,,500
200041,EIR,X,RMB,,,,35
200025,GJF,GH,RMB,64,96,96,
200025,DCF,P,RMB,,,,82
200025,DOC,P,RMB,,,,450
200025,GJF,GH,RMB,64,96,96,
200025,SEAL,X,RMB,,,,30
200025,DCF,P,RMB,,,,82
200025,THC,GH,RMB,550,825,825,
200025,DOC,P,RMB,,,,450
200025,TELEX,P,RMB,,,,500
200025,SEAL,X,RMB,,,,30
200025,EIR,X,RMB,,,,35
200025,THC,GH,RMB,550,825,825,
200025,TELEX,P,RMB,,,,500
200025,EIR,X,RMB,,,,35
200299,GJF,GH,RMB,64,96,96,
200299,DCF,P,RMB,,,,102
200299,DOC,P,RMB,,,,500
200299,SEAL,X,RMB,,,,30
200299,THC,GH,RMB,646,982,982,
200299,TELEX,P,RMB,,,,300
200299,EIR,X,RMB,,,,30
201699,GJF,GH,RMB,64,96,96,
201699,DCF,P,RMB,,,,82
201699,DOC,P,RMB,,,,450
201699,SEAL,X,RMB,,,,30
201699,THC,GH,RMB,550,825,825,
201699,TELEX,P,RMB,,,,500
201699,EIR,X,RMB,,,,35
200026,GJF,GH,RMB,64,96,96,
200026,DCF,P,RMB,,,,82
200026,DOC,P,RMB,,,,450
200026,SEAL,X,RMB,,,,30
200047,GJF,GH,RMB,64,96,96,
200026,THC,GH,RMB,550,825,825,
200047,DCF,P,RMB,,,,82
200026,TELEX,P,RMB,,,,500
200026,EIR,X,RMB,,,,35
200047,DOC,P,RMB,,,,450
200047,SEAL,X,RMB,,,,30
200047,GJF,GH,RMB,64,96,96,
200047,THC,GH,RMB,550,825,825,
200047,DCF,P,RMB,,,,82
200047,TELEX,P,RMB,,,,500
200047,DOC,P,RMB,,,,450
200047,EIR,X,RMB,,,,35
200047,SEAL,X,RMB,,,,30
200047,THC,GH,RMB,550,825,825,
200047,TELEX,P,RMB,,,,500
200047,EIR,X,RMB,,,,35
201193,GJF,GH,RMB,64,96,96,
200330,GJF,GH,RMB,64,96,96,
201193,DCF,P,RMB,,,,102
200330,DOC,P,RMB,,,,500
201193,DOC,P,RMB,,,,500
201193,SEAL,X,RMB,,,,30
200330,SEAL,X,RMB,,,,30
201193,THC,GH,RMB,646,982,982,
200330,THC,GH,RMB,646,982,982,
201193,TELEX,P,RMB,,,,300
200330,TELEX,P,RMB,,,,300
201193,EIR,X,RMB,,,,30
200330,EIR,X,RMB,,,,30
201011,GJF,GH,RMB,64,96,96,
201011,DCF,P,RMB,,,,82
201011,DOC,P,RMB,,,,450
200300,GJF,GH,RMB,64,96,96,
201011,SEAL,X,RMB,,,,30
200300,DCF,P,RMB,,,,102
201011,THC,GH,RMB,550,825,825,
200300,DOC,P,RMB,,,,500
201011,TELEX,P,RMB,,,,500
200300,SEAL,X,RMB,,,,30
201011,EIR,X,RMB,,,,35
200300,THC,GH,RMB,646,982,982,
200300,TELEX,P,RMB,,,,300
200300,EIR,X,RMB,,,,30
200246,GJF,GH,RMB,64,96,96,
200246,DCF,P,RMB,,,,102
200246,DOC,P,RMB,,,,500
200246,SEAL,X,RMB,,,,30
201011,GJF,GH,RMB,64,96,96,
200246,THC,GH,RMB,646,982,982,
201011,DCF,P,RMB,,,,82
200246,TELEX,P,RMB,,,,300
201011,DOC,P,RMB,,,,450
200246,EIR,X,RMB,,,,30
201011,SEAL,X,RMB,,,,30
201011,THC,GH,RMB,550,825,825,
201011,TELEX,P,RMB,,,,500
201011,EIR,X,RMB,,,,35
200284,GJF,GH,RMB,64,96,96,
200284,DCF,P,RMB,,,,102
200284,DOC,P,RMB,,,,500
200284,SEAL,X,RMB,,,,30
200284,THC,GH,RMB,646,982,982,
200284,TELEX,P,RMB,,,,300
200284,EIR,X,RMB,,,,30
200284,GJF,GH,RMB,64,96,96,
200284,DCF,P,RMB,,,,102
200284,DOC,P,RMB,,,,500
200284,SEAL,X,RMB,,,,30
200284,THC,GH,RMB,646,982,982,
200284,TELEX,P,RMB,,,,300
200284,EIR,X,RMB,,,,30
200280,GJF,GH,RMB,64,96,96,
200280,DCF,P,RMB,,,,102
200280,DOC,P,RMB,,,,500
200280,SEAL,X,RMB,,,,30
200280,THC,GH,RMB,646,982,982,
200280,TELEX,P,RMB,,,,300
200280,EIR,X,RMB,,,,30
200325,GJF,GH,RMB,64,96,96,
200325,DCF,P,RMB,,,,102
200325,DOC,P,RMB,,,,500
200325,SEAL,X,RMB,,,,30
200325,THC,GH,RMB,646,982,982,
200325,TELEX,P,RMB,,,,300
200325,EIR,X,RMB,,,,30
200325,GJF,GH,RMB,64,96,96,
200325,DCF,P,RMB,,,,102
200325,DOC,P,RMB,,,,500
200325,SEAL,X,RMB,,,,30
200325,THC,GH,RMB,646,982,982,
200325,TELEX,P,RMB,,,,300
200325,EIR,X,RMB,,,,30
199349,GJF,GH,RMB,64,96,96,
199349,DCF,P,RMB,,,,82
199349,DOC,P,RMB,,,,450
199349,SEAL,X,RMB,,,,50
199349,THC,GH,RMB,563,856,856,
199349,TELEX,P,RMB,,,,190
199349,EIR,X,RMB,,,,50
200027,GJF,GH,RMB,64,96,96,
200027,DCF,P,RMB,,,,82
200027,DOC,P,RMB,,,,450
200027,SEAL,X,RMB,,,,30
200027,THC,GH,RMB,550,825,825,
200027,TELEX,P,RMB,,,,500
200027,EIR,X,RMB,,,,35
201133,GJF,GH,RMB,64,96,96,
201133,DCF,P,RMB,,,,102
201133,DOC,P,RMB,,,,500
201133,SEAL,X,RMB,,,,30
201133,THC,GH,RMB,646,982,982,
201133,TELEX,P,RMB,,,,300
201133,EIR,X,RMB,,,,30
201293,GJF,GH,RMB,64,96,96,
201293,DCF,P,RMB,,,,82
201293,DOC,P,RMB,,,,450
201293,SEAL,X,RMB,,,,30
201133,GJF,GH,RMB,64,96,96,
201293,THC,GH,RMB,656,963,963,
201133,DCF,P,RMB,,,,102
201293,TELEX,P,RMB,,,,300
201133,DOC,P,RMB,,,,500
201293,EIR,X,RMB,,,,20
201133,SEAL,X,RMB,,,,30
201133,THC,GH,RMB,646,982,982,
200048,GJF,GH,RMB,64,96,96,
201133,TELEX,P,RMB,,,,300
200048,DCF,P,RMB,,,,82
200048,DOC,P,RMB,,,,450
201133,EIR,X,RMB,,,,30
200048,SEAL,X,RMB,,,,30
200048,THC,GH,RMB,550,825,825,
200048,TELEX,P,RMB,,,,500
200048,EIR,X,RMB,,,,35
200251,GJF,GH,RMB,64,96,96,
200251,DCF,P,RMB,,,,102
200251,DOC,P,RMB,,,,500
200251,SEAL,X,RMB,,,,30
200251,THC,GH,RMB,646,982,982,
200251,TELEX,P,RMB,,,,300
200251,EIR,X,RMB,,,,30
200270,GJF,GH,RMB,64,96,96,
200251,GJF,GH,RMB,64,96,96,
200270,DOC,P,RMB,,,,500
200270,SEAL,X,RMB,,,,30
201012,GJF,GH,RMB,64,96,96,
201012,DCF,P,RMB,,,,82
200251,SEAL,X,RMB,,,,30
200270,THC,GH,RMB,646,982,982,
201012,DOC,P,RMB,,,,450
200251,THC,GH,RMB,646,982,982,
201012,SEAL,X,RMB,,,,30
200251,TELEX,P,RMB,,,,300
201012,THC,GH,RMB,550,825,825,
200251,EIR,X,RMB,,,,30
201012,TELEX,P,RMB,,,,500
201012,EIR,X,RMB,,,,35
200306,GJF,GH,RMB,64,96,96,
200306,DCF,P,RMB,,,,102
200306,DOC,P,RMB,,,,500
200306,SEAL,X,RMB,,,,30
200245,GJF,GH,RMB,64,96,96,
200306,THC,GH,RMB,646,982,982,
200245,DCF,P,RMB,,,,102
200245,DOC,P,RMB,,,,500
200306,TELEX,P,RMB,,,,300
200245,SEAL,X,RMB,,,,30
200306,EIR,X,RMB,,,,30
200245,THC,GH,RMB,646,982,982,
200245,TELEX,P,RMB,,,,300
200245,EIR,X,RMB,,,,30
200849,GJF,GH,RMB,64,96,96,
200849,DCF,P,RMB,,,,102
200849,DOC,P,RMB,,,,500
200849,SEAL,X,RMB,,,,30
200849,THC,GH,RMB,646,982,982,
200285,GJF,GH,RMB,64,96,96,
200285,DCF,P,RMB,,,,102
200849,TELEX,P,RMB,,,,300
200285,DOC,P,RMB,,,,500
200849,EIR,X,RMB,,,,30
200285,SEAL,X,RMB,,,,30
200285,THC,GH,RMB,646,982,982,
200285,TELEX,P,RMB,,,,300
200285,EIR,X,RMB,,,,30
200306,GJF,GH,RMB,64,96,96,
200306,DCF,P,RMB,,,,102
200306,DOC,P,RMB,,,,500
200306,SEAL,X,RMB,,,,30
200306,THC,GH,RMB,646,982,982,
200306,TELEX,P,RMB,,,,300
199992,GJF,GH,RMB,64,96,96,
200306,EIR,X,RMB,,,,30
199992,DCF,P,RMB,,,,82
199992,DOC,P,RMB,,,,450
199992,SEAL,X,RMB,,,,30
199992,THC,GH,RMB,550,825,825,
199992,TELEX,P,RMB,,,,500
199992,EIR,X,RMB,,,,35
199992,GJF,GH,RMB,64,96,96,
200854,GJF,GH,RMB,64,96,96,
199992,DCF,P,RMB,,,,82
199992,DOC,P,RMB,,,,450
200854,DCF,P,RMB,,,,102
200854,DOC,P,RMB,,,,500
199992,THC,GH,RMB,550,825,825,
200854,SEAL,X,RMB,,,,30
199992,TELEX,P,RMB,,,,500
200854,THC,GH,RMB,646,982,982,
199507,GJF,GH,RMB,64,96,96,
199992,EIR,X,RMB,,,,35
200854,TELEX,P,RMB,,,,300
199507,DCF,P,RMB,,,,82
200854,EIR,X,RMB,,,,30
199507,DOC,P,RMB,,,,450
199507,SEAL,X,RMB,,,,40
199507,THC,GH,RMB,566,887,887,
199507,TELEX,P,RMB,,,,400
199507,EIR,X,RMB,,,,30
200326,GJF,GH,RMB,64,96,96,
200326,DCF,P,RMB,,,,102
200326,DOC,P,RMB,,,,500
200326,SEAL,X,RMB,,,,30
200326,THC,GH,RMB,646,982,982,
200326,TELEX,P,RMB,,,,300
200326,EIR,X,RMB,,,,30
201282,GJF,GH,RMB,64,96,96,
201282,DCF,P,RMB,,,,82
201282,DOC,P,RMB,,,,450
201282,SEAL,X,RMB,,,,30
199559,GJF,GH,RMB,64,96,96,
201282,THC,GH,RMB,656,963,963,
199559,DCF,P,RMB,,,,82
201282,TELEX,P,RMB,,,,300
199559,DOC,P,RMB,,,,450
199991,GJF,GH,RMB,64,96,96,
201282,EIR,X,RMB,,,,20
199559,SEAL,X,RMB,,,,40
199991,DCF,P,RMB,,,,82
199559,THC,GH,RMB,566,887,887,
199991,DOC,P,RMB,,,,450
199559,TELEX,P,RMB,,,,400
199991,SEAL,X,RMB,,,,30
199559,EIR,X,RMB,,,,30
199991,THC,GH,RMB,550,825,825,
199507,GJF,GH,RMB,64,96,96,
199991,TELEX,P,RMB,,,,500
199507,DCF,P,RMB,,,,82
199991,EIR,X,RMB,,,,35
199507,DOC,P,RMB,,,,450
199507,SEAL,X,RMB,,,,40
199507,THC,GH,RMB,566,887,887,
199507,TELEX,P,RMB,,,,400
199507,EIR,X,RMB,,,,30
201134,GJF,GH,RMB,64,96,96,
201134,DCF,P,RMB,,,,102
201134,DOC,P,RMB,,,,500
201134,SEAL,X,RMB,,,,30
201134,THC,GH,RMB,646,982,982,
201134,TELEX,P,RMB,,,,300
201134,EIR,X,RMB,,,,30
199994,GJF,GH,RMB,64,96,96,
199994,DCF,P,RMB,,,,82
199994,DOC,P,RMB,,,,450
199994,SEAL,X,RMB,,,,30
199994,THC,GH,RMB,550,825,825,
199556,GJF,GH,RMB,64,96,96,
199994,TELEX,P,RMB,,,,500
199556,DCF,P,RMB,,,,82
199994,EIR,X,RMB,,,,35
199556,DOC,P,RMB,,,,450
199556,SEAL,X,RMB,,,,40
199556,THC,GH,RMB,566,887,887,
199556,TELEX,P,RMB,,,,400
199556,EIR,X,RMB,,,,30
199509,GJF,GH,RMB,64,96,96,
199509,DCF,P,RMB,,,,82
199559,GJF,GH,RMB,64,96,96,
199509,DOC,P,RMB,,,,450
199559,DCF,P,RMB,,,,82
199509,SEAL,X,RMB,,,,40
199559,DOC,P,RMB,,,,450
199509,THC,GH,RMB,566,887,887,
199559,SEAL,X,RMB,,,,40
199509,TELEX,P,RMB,,,,400
199559,THC,GH,RMB,566,887,887,
199509,EIR,X,RMB,,,,30
199559,TELEX,P,RMB,,,,400
199559,EIR,X,RMB,,,,30
200271,GJF,GH,RMB,64,96,96,
200271,DCF,P,RMB,,,,102
200271,DOC,P,RMB,,,,500
199350,GJF,GH,RMB,64,96,96,
200271,SEAL,X,RMB,,,,30
199350,DCF,P,RMB,,,,82
200271,THC,GH,RMB,646,982,982,
199350,DOC,P,RMB,,,,450
200271,TELEX,P,RMB,,,,300
199350,SEAL,X,RMB,,,,50
200271,EIR,X,RMB,,,,30
199350,THC,GH,RMB,563,856,856,
199350,TELEX,P,RMB,,,,190
199350,EIR,X,RMB,,,,50
212718,GJF,GH,RMB,64,96,96,
200252,GJF,GH,RMB,64,96,96,
200252,DCF,P,RMB,,,,102
212718,DCF,P,RMB,,,,82
200252,DOC,P,RMB,,,,500
212718,DOC,P,RMB,,,,450
200252,SEAL,X,RMB,,,,30
212718,SEAL,X,RMB,,,,50
200252,THC,GH,RMB,646,982,982,
212718,THC,GH,RMB,563,856,856,
200252,TELEX,P,RMB,,,,300
212718,TELEX,P,RMB,,,,190
200252,EIR,X,RMB,,,,30
212718,EIR,X,RMB,,,,50
199560,GJF,GH,RMB,64,96,96,
199560,DCF,P,RMB,,,,82
199560,DOC,P,RMB,,,,450
199560,SEAL,X,RMB,,,,40
199560,THC,GH,RMB,566,887,887,
199560,TELEX,P,RMB,,,,400
199560,EIR,X,RMB,,,,30
200307,GJF,GH,RMB,64,96,96,
200307,DCF,P,RMB,,,,102
200307,DOC,P,RMB,,,,500
212718,GJF,GH,RMB,64,96,96,
200307,SEAL,X,RMB,,,,30
212718,DCF,P,RMB,,,,82
200307,THC,GH,RMB,646,982,982,
212718,DOC,P,RMB,,,,450
201070,GJF,GH,RMB,64,96,96,
200307,TELEX,P,RMB,,,,300
212718,SEAL,X,RMB,,,,50
201070,DCF,P,RMB,,,,82
200307,EIR,X,RMB,,,,30
212718,THC,GH,RMB,563,856,856,
201070,DOC,P,RMB,,,,450
201070,SEAL,X,RMB,,,,50
212718,TELEX,P,RMB,,,,190
219000,GJF,GH,RMB,64,96,96,
201070,THC,GH,RMB,563,856,856,
212718,EIR,X,RMB,,,,50
201070,TELEX,P,RMB,,,,190
219000,DCF,P,RMB,,,,82
219000,DOC,P,RMB,,,,450
201070,EIR,X,RMB,,,,50
219000,SEAL,X,RMB,,,,40
219000,THC,GH,RMB,566,887,887,
219000,TELEX,P,RMB,,,,400
219000,EIR,X,RMB,,,,30
219000,GJF,GH,RMB,64,96,96,
219000,DCF,P,RMB,,,,82
219000,DOC,P,RMB,,,,450
219000,SEAL,X,RMB,,,,40
219000,THC,GH,RMB,566,887,887,
219000,TELEX,P,RMB,,,,400
219000,EIR,X,RMB,,,,30
219001,GJF,GH,RMB,64,96,96,
219001,DCF,P,RMB,,,,82
219001,DOC,P,RMB,,,,450
219001,SEAL,X,RMB,,,,40
219001,THC,GH,RMB,566,887,887,
219001,TELEX,P,RMB,,,,400
219001,EIR,X,RMB,,,,30
199995,GJF,GH,RMB,64,96,96,
199995,DCF,P,RMB,,,,82
199995,DOC,P,RMB,,,,450
199995,SEAL,X,RMB,,,,30
199995,THC,GH,RMB,550,825,825,
199995,TELEX,P,RMB,,,,500
199995,EIR,X,RMB,,,,35
199993,GJF,GH,RMB,64,96,96,
199993,DCF,P,RMB,,,,82
199993,DOC,P,RMB,,,,450
199993,SEAL,X,RMB,,,,30
199993,THC,GH,RMB,550,825,825,
199993,TELEX,P,RMB,,,,500
199993,EIR,X,RMB,,,,35
200028,GJF,GH,RMB,64,96,96,
200028,DCF,P,RMB,,,,82
200028,DOC,P,RMB,,,,450
200028,SEAL,X,RMB,,,,30
200028,THC,GH,RMB,550,825,825,
200028,TELEX,P,RMB,,,,500
200028,EIR,X,RMB,,,,35
200257,GJF,GH,RMB,64,96,96,
200257,DCF,P,RMB,,,,102
200257,DOC,P,RMB,,,,500
200257,SEAL,X,RMB,,,,30
200257,THC,GH,RMB,646,982,982,
200257,TELEX,P,RMB,,,,300
200287,GJF,GH,RMB,64,96,96,
200287,DCF,P,RMB,,,,102
200257,EIR,X,RMB,,,,30
200287,DOC,P,RMB,,,,500
200287,SEAL,X,RMB,,,,30
200287,THC,GH,RMB,646,982,982,
200287,TELEX,P,RMB,,,,300
200287,EIR,X,RMB,,,,30
200029,GJF,GH,RMB,64,96,96,
200029,DCF,P,RMB,,,,82
200029,DOC,P,RMB,,,,450
200029,SEAL,X,RMB,,,,30
200029,THC,GH,RMB,550,825,825,
200029,TELEX,P,RMB,,,,500
200029,EIR,X,RMB,,,,35
200286,GJF,GH,RMB,64,96,96,
200286,DCF,P,RMB,,,,102
200286,DOC,P,RMB,,,,500
200286,SEAL,X,RMB,,,,30
200286,THC,GH,RMB,646,982,982,
200286,TELEX,P,RMB,,,,300
200286,EIR,X,RMB,,,,30
200312,GJF,GH,RMB,64,96,96,
200312,DCF,P,RMB,,,,102
200312,DOC,P,RMB,,,,500
200312,SEAL,X,RMB,,,,30
200312,THC,GH,RMB,646,982,982,
200312,TELEX,P,RMB,,,,300
200312,EIR,X,RMB,,,,30
200288,GJF,GH,RMB,64,96,96,
200288,DCF,P,RMB,,,,102
200288,DOC,P,RMB,,,,500
200288,SEAL,X,RMB,,,,30
200288,THC,GH,RMB,646,982,982,
200288,TELEX,P,RMB,,,,300
200288,EIR,X,RMB,,,,30
201136,GJF,GH,RMB,64,96,96,
201136,DCF,P,RMB,,,,102
201136,DOC,P,RMB,,,,500
201136,SEAL,X,RMB,,,,30
201136,THC,GH,RMB,646,982,982,
201136,TELEX,P,RMB,,,,300
200049,GJF,GH,RMB,64,96,96,
200049,DCF,P,RMB,,,,82
201136,EIR,X,RMB,,,,30
200049,DOC,P,RMB,,,,450
200049,SEAL,X,RMB,,,,30
200049,THC,GH,RMB,550,825,825,
200049,TELEX,P,RMB,,,,500
200049,EIR,X,RMB,,,,35
201135,GJF,GH,RMB,64,96,96,
201135,DCF,P,RMB,,,,102
201135,DOC,P,RMB,,,,500
201135,SEAL,X,RMB,,,,30
201135,THC,GH,RMB,646,982,982,
201135,TELEX,P,RMB,,,,300
201135,EIR,X,RMB,,,,30
200002,GJF,GH,RMB,64,96,96,
200002,DCF,P,RMB,,,,82
200002,DOC,P,RMB,,,,450
200002,SEAL,X,RMB,,,,30
200002,THC,GH,RMB,550,825,825,
200002,TELEX,P,RMB,,,,500
200256,GJF,GH,RMB,64,96,96,
200002,EIR,X,RMB,,,,35

200256,DOC,P,RMB,,,,500
200256,SEAL,X,RMB,,,,30
200256,THC,GH,RMB,646,982,982,
200256,TELEX,P,RMB,,,,300
200256,EIR,X,RMB,,,,30
201284,GJF,GH,RMB,64,96,96,
201284,DCF,P,RMB,,,,82
201284,DOC,P,RMB,,,,450
201284,SEAL,X,RMB,,,,30
201284,THC,GH,RMB,656,963,963,
201284,TELEX,P,RMB,,,,300
201284,EIR,X,RMB,,,,20
201013,GJF,GH,RMB,64,96,96,
201013,DCF,P,RMB,,,,82
201013,DOC,P,RMB,,,,450
201013,SEAL,X,RMB,,,,30
201286,GJF,GH,RMB,64,96,96,
201013,THC,GH,RMB,550,825,825,
201286,DCF,P,RMB,,,,82
201013,TELEX,P,RMB,,,,500
201137,GJF,GH,RMB,64,96,96,
201013,EIR,X,RMB,,,,35
201286,DOC,P,RMB,,,,450
201286,SEAL,X,RMB,,,,30
201137,DCF,P,RMB,,,,102
201286,THC,GH,RMB,656,963,963,
201137,DOC,P,RMB,,,,500
201286,TELEX,P,RMB,,,,300
201137,SEAL,X,RMB,,,,30
201286,EIR,X,RMB,,,,20
201137,THC,GH,RMB,646,982,982,
200311,GJF,GH,RMB,64,96,96,
200311,DCF,P,RMB,,,,102
201137,TELEX,P,RMB,,,,300
200311,DOC,P,RMB,,,,500
201137,EIR,X,RMB,,,,30
200311,SEAL,X,RMB,,,,30
200311,THC,GH,RMB,646,982,982,
200311,TELEX,P,RMB,,,,300
200311,EIR,X,RMB,,,,30
201288,GJF,GH,RMB,64,96,96,
201288,DCF,P,RMB,,,,82
200030,GJF,GH,RMB,64,96,96,
201288,DOC,P,RMB,,,,450
200030,DCF,P,RMB,,,,82
201288,SEAL,X,RMB,,,,30
200030,DOC,P,RMB,,,,450
201288,THC,GH,RMB,656,963,963,
200030,SEAL,X,RMB,,,,30
201288,TELEX,P,RMB,,,,300
200030,THC,GH,RMB,550,825,825,
201288,EIR,X,RMB,,,,20
200030,TELEX,P,RMB,,,,500
199352,GJF,GH,RMB,64,96,96,
200030,EIR,X,RMB,,,,35
199352,DCF,P,RMB,,,,82
199352,DOC,P,RMB,,,,450
199352,SEAL,X,RMB,,,,50
199352,THC,GH,RMB,563,856,856,
199352,TELEX,P,RMB,,,,190
200032,GJF,GH,RMB,64,96,96,
199352,EIR,X,RMB,,,,50
200032,DCF,P,RMB,,,,82
200032,DOC,P,RMB,,,,450
200032,SEAL,X,RMB,,,,30
200032,THC,GH,RMB,550,825,825,
200032,TELEX,P,RMB,,,,500
200032,EIR,X,RMB,,,,35
201131,GJF,GH,RMB,64,96,96,
201131,DCF,P,RMB,,,,102
201131,DOC,P,RMB,,,,500
201131,SEAL,X,RMB,,,,30
201131,THC,GH,RMB,646,982,982,
201131,TELEX,P,RMB,,,,300
199353,GJF,GH,RMB,64,96,96,
201131,EIR,X,RMB,,,,30
199353,DCF,P,RMB,,,,82
199353,DOC,P,RMB,,,,450
199353,SEAL,X,RMB,,,,50
199353,THC,GH,RMB,563,856,856,
200033,GJF,GH,RMB,64,96,96,
199353,TELEX,P,RMB,,,,190
200033,DCF,P,RMB,,,,82
199353,EIR,X,RMB,,,,50
200033,DOC,P,RMB,,,,450
200033,SEAL,X,RMB,,,,30
200033,THC,GH,RMB,550,825,825,
200033,TELEX,P,RMB,,,,500
200033,EIR,X,RMB,,,,35
201015,GJF,GH,RMB,64,96,96,
201015,DCF,P,RMB,,,,82
201015,DOC,P,RMB,,,,450
201015,SEAL,X,RMB,,,,30
201015,THC,GH,RMB,550,825,825,
201015,TELEX,P,RMB,,,,500
201015,EIR,X,RMB,,,,35
219005,GJF,GH,RMB,64,96,96,
219005,DCF,P,RMB,,,,82
219005,DOC,P,RMB,,,,450
219005,SEAL,X,RMB,,,,40
219005,THC,GH,RMB,566,887,887,
219005,TELEX,P,RMB,,,,400
201145,GJF,GH,RMB,64,96,96,
219005,EIR,X,RMB,,,,30
201145,DCF,P,RMB,,,,102
201145,DOC,P,RMB,,,,500
201145,SEAL,X,RMB,,,,30
201145,THC,GH,RMB,646,982,982,
201145,TELEX,P,RMB,,,,300
201145,EIR,X,RMB,,,,30
199505,GJF,GH,RMB,64,96,96,
201016,GJF,GH,RMB,64,96,96,
199505,DCF,P,RMB,,,,82
199505,DOC,P,RMB,,,,450
201016,DCF,P,RMB,,,,82
199505,SEAL,X,RMB,,,,40
199505,THC,GH,RMB,566,887,887,
201016,SEAL,X,RMB,,,,30
199505,TELEX,P,RMB,,,,400
199505,EIR,X,RMB,,,,30
201016,THC,GH,RMB,550,825,825,
201016,TELEX,P,RMB,,,,500
201016,EIR,X,RMB,,,,35
200003,GJF,GH,RMB,64,96,96,
200003,DCF,P,RMB,,,,82
200003,DOC,P,RMB,,,,450
200003,SEAL,X,RMB,,,,30
200003,THC,GH,RMB,550,825,825,
200003,TELEX,P,RMB,,,,500
200003,EIR,X,RMB,,,,35
200031,GJF,GH,RMB,64,96,96,
200031,DCF,P,RMB,,,,82
200031,DOC,P,RMB,,,,450
200031,SEAL,X,RMB,,,,30
200031,THC,GH,RMB,550,825,825,
200031,TELEX,P,RMB,,,,500
200031,EIR,X,RMB,,,,35
200254,GJF,GH,RMB,64,96,96,
200254,DCF,P,RMB,,,,102
200254,DOC,P,RMB,,,,500
200254,SEAL,X,RMB,,,,30
219014,GJF,GH,RMB,64,96,96,
200254,THC,GH,RMB,646,982,982,
219014,DCF,P,RMB,,,,82
200254,TELEX,P,RMB,,,,300
219014,DOC,P,RMB,,,,450
200254,EIR,X,RMB,,,,30
219014,SEAL,X,RMB,,,,40
219014,THC,GH,RMB,566,887,887,
219014,TELEX,P,RMB,,,,400
200255,GJF,GH,RMB,64,96,96,
219014,EIR,X,RMB,,,,30
200255,DCF,P,RMB,,,,102
200255,DOC,P,RMB,,,,500
200255,SEAL,X,RMB,,,,30
200255,THC,GH,RMB,646,982,982,
200050,GJF,GH,RMB,64,96,96,
200050,DCF,P,RMB,,,,82
200255,TELEX,P,RMB,,,,300
200050,DOC,P,RMB,,,,450
200255,EIR,X,RMB,,,,30
200050,SEAL,X,RMB,,,,30
200050,THC,GH,RMB,550,825,825,
200050,TELEX,P,RMB,,,,500
200050,EIR,X,RMB,,,,35
201004,GJF,GH,RMB,64,96,96,
201004,DCF,P,RMB,,,,82
200309,GJF,GH,RMB,64,96,96,
201004,DOC,P,RMB,,,,450
200309,DCF,P,RMB,,,,102
201004,SEAL,X,RMB,,,,30
200309,DOC,P,RMB,,,,500
201004,THC,GH,RMB,550,825,825,
200309,SEAL,X,RMB,,,,30
201004,TELEX,P,RMB,,,,500
200309,THC,GH,RMB,646,982,982,
201004,EIR,X,RMB,,,,35
200309,TELEX,P,RMB,,,,300
200309,EIR,X,RMB,,,,30
199503,GJF,GH,RMB,64,96,96,
199503,DCF,P,RMB,,,,82
199503,DOC,P,RMB,,,,450
199503,SEAL,X,RMB,,,,40
199503,THC,GH,RMB,566,887,887,
200310,GJF,GH,RMB,64,96,96,
199503,TELEX,P,RMB,,,,400
200310,DCF,P,RMB,,,,102
199503,EIR,X,RMB,,,,30
200310,DOC,P,RMB,,,,500
200310,SEAL,X,RMB,,,,30
200310,THC,GH,RMB,646,982,982,
200310,TELEX,P,RMB,,,,300
200310,EIR,X,RMB,,,,30
201014,GJF,GH,RMB,64,96,96,
201014,DCF,P,RMB,,,,82
201014,DOC,P,RMB,,,,450
201014,SEAL,X,RMB,,,,30
201014,THC,GH,RMB,550,825,825,
199524,GJF,GH,RMB,64,96,96,
201014,TELEX,P,RMB,,,,500
199524,DCF,P,RMB,,,,82
201014,EIR,X,RMB,,,,35
199524,DOC,P,RMB,,,,450
199524,SEAL,X,RMB,,,,40
199524,THC,GH,RMB,566,887,887,
199524,TELEX,P,RMB,,,,400
199524,EIR,X,RMB,,,,30
200273,GJF,GH,RMB,64,96,96,
200273,DCF,P,RMB,,,,102
200273,DOC,P,RMB,,,,500
200275,GJF,GH,RMB,64,96,96,
200273,SEAL,X,RMB,,,,30
200275,DCF,P,RMB,,,,102
200273,THC,GH,RMB,646,982,982,
200275,DOC,P,RMB,,,,500
199504,GJF,GH,RMB,64,96,96,
200275,SEAL,X,RMB,,,,30
199504,DCF,P,RMB,,,,82
200275,THC,GH,RMB,646,982,982,
199504,DOC,P,RMB,,,,450
200275,TELEX,P,RMB,,,,300
199504,SEAL,X,RMB,,,,40
200275,EIR,X,RMB,,,,30
200274,GJF,GH,RMB,64,96,96,
,
200274,DCF,P,RMB,,,,102

200274,DOC,P,RMB,,,,500
199504,EIR,X,RMB,,,,30
200274,SEAL,X,RMB,,,,30
200274,THC,GH,RMB,646,982,982,
200274,TELEX,P,RMB,,,,300
200274,EIR,X,RMB,,,,30
219018,GJF,GH,RMB,64,96,96,
219018,DCF,P,RMB,,,,82
219018,DOC,P,RMB,,,,450
219018,SEAL,X,RMB,,,,40
219018,THC,GH,RMB,566,887,887,
219018,TELEX,P,RMB,,,,400
219018,EIR,X,RMB,,,,30
200851,GJF,GH,RMB,64,96,96,
200851,DCF,P,RMB,,,,102
200851,DOC,P,RMB,,,,500
200851,SEAL,X,RMB,,,,30
200851,THC,GH,RMB,646,982,982,
200851,TELEX,P,RMB,,,,300
200851,EIR,X,RMB,,,,30
200253,GJF,GH,RMB,64,96,96,
200253,DCF,P,RMB,,,,102
200253,DOC,P,RMB,,,,500
200253,SEAL,X,RMB,,,,30
200253,THC,GH,RMB,646,982,982,
200253,TELEX,P,RMB,,,,300
200253,EIR,X,RMB,,,,30
219013,GJF,GH,RMB,64,96,96,
219013,DCF,P,RMB,,,,82
219013,DOC,P,RMB,,,,450
219013,SEAL,X,RMB,,,,40
219013,THC,GH,RMB,566,887,887,
219013,TELEX,P,RMB,,,,400
219013,EIR,X,RMB,,,,30
199999,GJF,GH,RMB,64,96,96,
199999,DCF,P,RMB,,,,82
199999,DOC,P,RMB,,,,450
199999,SEAL,X,RMB,,,,30
199999,THC,GH,RMB,550,825,825,
199999,TELEX,P,RMB,,,,500
199999,EIR,X,RMB,,,,35
200856,GJF,GH,RMB,64,96,96,
200856,DCF,P,RMB,,,,102
200856,DOC,P,RMB,,,,500
200856,SEAL,X,RMB,,,,30
199522,GJF,GH,RMB,64,96,96,
200856,THC,GH,RMB,646,982,982,
199522,DCF,P,RMB,,,,82
200856,TELEX,P,RMB,,,,300
200001,GJF,GH,RMB,64,96,96,
200856,EIR,X,RMB,,,,30
199522,SEAL,X,RMB,,,,40
200001,DOC,P,RMB,,,,450
,887,
200001,SEAL,X,RMB,,,,30

200001,THC,GH,RMB,550,825,825,
199522,EIR,X,RMB,,,,30
200001,TELEX,P,RMB,,,,500
200001,EIR,X,RMB,,,,35
200308,GJF,GH,RMB,64,96,96,
200000,GJF,GH,RMB,64,96,96,
200308,DCF,P,RMB,,,,102
200000,DCF,P,RMB,,,,82
200308,DOC,P,RMB,,,,500
200000,DOC,P,RMB,,,,450
200308,SEAL,X,RMB,,,,30
199998,GJF,GH,RMB,64,96,96,
200000,SEAL,X,RMB,,,,30
200308,THC,GH,RMB,646,982,982,
200308,TELEX,P,RMB,,,,300
199998,DCF,P,RMB,,,,82
5,825,
200308,EIR,X,RMB,,,,30
199998,DOC,P,RMB,,,,450

199998,SEAL,X,RMB,,,,30
200000,EIR,X,RMB,,,,35
199998,THC,GH,RMB,550,825,825,
199998,TELEX,P,RMB,,,,500
199998,EIR,X,RMB,,,,35
200022,GJF,GH,RMB,64,96,96,
201715,GJF,GH,RMB,64,96,96,
200022,DCF,P,RMB,,,,82
200022,DOC,P,RMB,,,,450
201715,DCF,P,RMB,,,,82
200022,SEAL,X,RMB,,,,30
201715,DOC,P,RMB,,,,450
200022,THC,GH,RMB,550,825,825,
201715,SEAL,X,RMB,,,,40
200272,GJF,GH,RMB,64,96,96,
201715,THC,GH,RMB,566,887,887,
200022,TELEX,P,RMB,,,,500
200272,DCF,P,RMB,,,,102
201715,TELEX,P,RMB,,,,400
200272,DOC,P,RMB,,,,500
201715,EIR,X,RMB,,,,30
200272,SEAL,X,RMB,,,,30
200272,THC,GH,RMB,646,982,982,
200272,TELEX,P,RMB,,,,300
200272,EIR,X,RMB,,,,30
201717,GJF,GH,RMB,64,96,96,
201717,DCF,P,RMB,,,,82
201717,DOC,P,RMB,,,,450
201717,SEAL,X,RMB,,,,40
201717,THC,GH,RMB,566,887,887,
201717,TELEX,P,RMB,,,,400
201717,EIR,X,RMB,,,,30
201073,GJF,GH,RMB,64,96,96,
201073,DCF,P,RMB,,,,82
199351,GJF,GH,RMB,64,96,96,
201073,DOC,P,RMB,,,,450
199351,DCF,P,RMB,,,,82
201073,SEAL,X,RMB,,,,50
199351,DOC,P,RMB,,,,450
201073,THC,GH,RMB,563,856,856,
199351,SEAL,X,RMB,,,,50
201073,TELEX,P,RMB,,,,190
199351,THC,GH,RMB,563,856,856,
201073,EIR,X,RMB,,,,50
199351,TELEX,P,RMB,,,,190
199351,EIR,X,RMB,,,,50
199519,GJF,GH,RMB,64,96,96,
199519,DCF,P,RMB,,,,82
199519,DOC,P,RMB,,,,450
199519,SEAL,X,RMB,,,,40
199516,GJF,GH,RMB,64,96,96,
199519,THC,GH,RMB,566,887,887,
199516,DCF,P,RMB,,,,82
199519,TELEX,P,RMB,,,,400
199516,DOC,P,RMB,,,,450
199519,EIR,X,RMB,,,,30
199516,SEAL,X,RMB,,,,40
199516,THC,GH,RMB,566,887,887,
199516,TELEX,P,RMB,,,,400
199516,EIR,X,RMB,,,,30
200038,GJF,GH,RMB,64,96,96,
218999,GJF,GH,RMB,64,96,96,
200038,DCF,P,RMB,,,,82
218999,DCF,P,RMB,,,,82
200038,DOC,P,RMB,,,,450
218999,DOC,P,RMB,,,,450
199997,GJF,GH,RMB,64,96,96,
200038,SEAL,X,RMB,,,,30
199997,DCF,P,RMB,,,,82
218999,THC,GH,RMB,566,887,887,
200038,THC,GH,RMB,550,825,825,
218999,TELEX,P,RMB,,,,400
199997,DOC,P,RMB,,,,450
200038,TELEX,P,RMB,,,,500
218999,EIR,X,RMB,,,,30
199997,SEAL,X,RMB,,,,30
200038,EIR,X,RMB,,,,35
199997,THC,GH,RMB,550,825,825,
199997,TELEX,P,RMB,,,,500
199997,EIR,X,RMB,,,,35
219017,GJF,GH,RMB,64,96,96,
219017,DCF,P,RMB,,,,82
219017,DOC,P,RMB,,,,450
201018,GJF,GH,RMB,64,96,96,
219017,SEAL,X,RMB,,,,40
201018,DCF,P,RMB,,,,82
219017,THC,GH,RMB,566,887,887,
201018,DOC,P,RMB,,,,450
201018,SEAL,X,RMB,,,,30
219017,TELEX,P,RMB,,,,400
201018,THC,GH,RMB,550,825,825,
219017,EIR,X,RMB,,,,30
201018,TELEX,P,RMB,,,,500
201018,EIR,X,RMB,,,,35
201197,GJF,GH,RMB,64,96,96,
201197,DCF,P,RMB,,,,102
201197,DOC,P,RMB,,,,500
201197,SEAL,X,RMB,,,,30
201197,THC,GH,RMB,646,982,982,
201197,TELEX,P,RMB,,,,300
200042,GJF,GH,RMB,64,96,96,
201197,EIR,X,RMB,,,,30
200042,DCF,P,RMB,,,,82
200042,DOC,P,RMB,,,,450
200042,SEAL,X,RMB,,,,30
200042,THC,GH,RMB,550,825,825,
200042,TELEX,P,RMB,,,,500
219016,GJF,GH,RMB,64,96,96,
200042,EIR,X,RMB,,,,35
219016,DCF,P,RMB,,,,82
219004,DCF,P,RMB,,,,82
219016,DOC,P,RMB,,,,450
219016,SEAL,X,RMB,,,,40
219004,SEAL,X,RMB,,,,40
219016,THC,GH,RMB,566,887,887,
219004,THC,GH,RMB,566,887,887,
219016,TELEX,P,RMB,,,,400
219004,TELEX,P,RMB,,,,400
219016,EIR,X,RMB,,,,30
219004,EIR,X,RMB,,,,30
200301,GJF,GH,RMB,64,96,96,
200301,DCF,P,RMB,,,,102
200301,DOC,P,RMB,,,,500
200301,SEAL,X,RMB,,,,30
200301,THC,GH,RMB,646,982,982,
200301,TELEX,P,RMB,,,,300
201198,GJF,GH,RMB,64,96,96,
200301,EIR,X,RMB,,,,30
201198,DCF,P,RMB,,,,102
201198,DOC,P,RMB,,,,500
201198,SEAL,X,RMB,,,,30
201198,THC,GH,RMB,646,982,982,
201198,TELEX,P,RMB,,,,300
201198,EIR,X,RMB,,,,30
199996,GJF,GH,RMB,64,96,96,
199996,DCF,P,RMB,,,,82
199996,DOC,P,RMB,,,,450
199996,SEAL,X,RMB,,,,30
199996,THC,GH,RMB,550,825,825,
201008,GJF,GH,RMB,64,96,96,
201008,DCF,P,RMB,,,,82
199996,TELEX,P,RMB,,,,500
201008,DOC,P,RMB,,,,450
199996,EIR,X,RMB,,,,35
201008,SEAL,X,RMB,,,,30
201008,THC,GH,RMB,550,825,825,
201008,TELEX,P,RMB,,,,500
201008,EIR,X,RMB,,,,35
219003,GJF,GH,RMB,64,96,96,
219003,DCF,P,RMB,,,,82
219003,DOC,P,RMB,,,,450
219003,SEAL,X,RMB,,,,40
219003,THC,GH,RMB,566,887,887,
219003,TELEX,P,RMB,,,,400
219003,EIR,X,RMB,,,,30
200331,GJF,GH,RMB,64,96,96,
200331,DCF,P,RMB,,,,102
200331,DOC,P,RMB,,,,500
200331,SEAL,X,RMB,,,,30
200331,THC,GH,RMB,646,982,982,
200331,TELEX,P,RMB,,,,300
200331,EIR,X,RMB,,,,30
199513,GJF,GH,RMB,64,96,96,
199513,DCF,P,RMB,,,,82
200302,GJF,GH,RMB,64,96,96,
199513,DOC,P,RMB,,,,450
200302,DCF,P,RMB,,,,102
199513,SEAL,X,RMB,,,,40
201718,GJF,GH,RMB,64,96,96,
200302,DOC,P,RMB,,,,500
199513,THC,GH,RMB,566,887,887,
201718,DCF,P,RMB,,,,82
200302,SEAL,X,RMB,,,,30
199513,TELEX,P,RMB,,,,400

200302,THC,GH,RMB,646,982,982,
201718,SEAL,X,RMB,,,,40
200302,TELEX,P,RMB,,,,300
201072,DOC,P,RMB,,,,450
201718,THC,GH,RMB,566,887,887,
200302,EIR,X,RMB,,,,30
201072,SEAL,X,RMB,,,,50

201072,THC,GH,RMB,563,856,856,
201072,TELEX,P,RMB,,,,190
201072,EIR,X,RMB,,,,50
199512,GJF,GH,RMB,64,96,96,
199512,DCF,P,RMB,,,,82
199512,DOC,P,RMB,,,,450
199512,SEAL,X,RMB,,,,40
201074,GJF,GH,RMB,64,96,96,
199512,THC,GH,RMB,566,887,887,
201074,DCF,P,RMB,,,,82
199512,TELEX,P,RMB,,,,400
201074,DOC,P,RMB,,,,450
199512,EIR,X,RMB,,,,30
201074,SEAL,X,RMB,,,,50
201074,THC,GH,RMB,563,856,856,
201074,TELEX,P,RMB,,,,190
199358,GJF,GH,RMB,64,96,96,
201074,EIR,X,RMB,,,,50
199358,DCF,P,RMB,,,,82
199358,DOC,P,RMB,,,,450
199358,SEAL,X,RMB,,,,50
199358,THC,GH,RMB,563,856,856,
199358,TELEX,P,RMB,,,,190
199358,EIR,X,RMB,,,,50
201082,GJF,GH,RMB,64,96,96,
201082,DCF,P,RMB,,,,82
201082,DOC,P,RMB,,,,450
201082,SEAL,X,RMB,,,,50
201082,THC,GH,RMB,563,856,856,
201082,TELEX,P,RMB,,,,190
201082,EIR,X,RMB,,,,50
219015,GJF,GH,RMB,64,96,96,
219015,DCF,P,RMB,,,,82
219015,DOC,P,RMB,,,,450
219015,SEAL,X,RMB,,,,40
199527,GJF,GH,RMB,64,96,96,
219015,THC,GH,RMB,566,887,887,
199527,DCF,P,RMB,,,,82
219015,TELEX,P,RMB,,,,400
199527,DOC,P,RMB,,,,450
219015,EIR,X,RMB,,,,30
199527,SEAL,X,RMB,,,,40
199527,THC,GH,RMB,566,887,887,
199527,TELEX,P,RMB,,,,400
199527,EIR,X,RMB,,,,30
200257,GJF,GH,RMB,64,96,96,
200257,DCF,P,RMB,,,,102
200257,DOC,P,RMB,,,,500
200257,SEAL,X,RMB,,,,30
200257,THC,GH,RMB,646,982,982,
219020,GJF,GH,RMB,64,96,96,
200257,EIR,X,RMB,,,,30
219002,GJF,GH,RMB,64,96,96,
219020,DOC,P,RMB,,,,450
219002,DCF,P,RMB,,,,82
219020,SEAL,X,RMB,,,,40
219002,DOC,P,RMB,,,,450
219020,THC,GH,RMB,566,887,887,
219002,SEAL,X,RMB,,,,40
219020,TELEX,P,RMB,,,,400
219002,THC,GH,RMB,566,887,887,
219020,EIR,X,RMB,,,,30
219002,TELEX,P,RMB,,,,400
219002,EIR,X,RMB,,,,30
200312,GJF,GH,RMB,64,96,96,
200312,DCF,P,RMB,,,,102
200312,DOC,P,RMB,,,,500
200312,SEAL,X,RMB,,,,30
200312,THC,GH,RMB,646,982,982,
200312,TELEX,P,RMB,,,,300
199357,GJF,GH,RMB,64,96,96,
200312,EIR,X,RMB,,,,30
199357,DCF,P,RMB,,,,82
199357,DOC,P,RMB,,,,450
199357,SEAL,X,RMB,,,,50
199357,THC,GH,RMB,563,856,856,
199357,TELEX,P,RMB,,,,190
199357,EIR,X,RMB,,,,50
201071,GJF,GH,RMB,64,96,96,
201071,DCF,P,RMB,,,,82
201071,DOC,P,RMB,,,,450
201071,SEAL,X,RMB,,,,50
201071,THC,GH,RMB,563,856,856,
201071,TELEX,P,RMB,,,,190
201071,EIR,X,RMB,,,,50
200289,GJF,GH,RMB,64,96,96,
200289,DCF,P,RMB,,,,102
200289,DOC,P,RMB,,,,500
200289,SEAL,X,RMB,,,,30
200289,THC,GH,RMB,646,982,982,
200289,TELEX,P,RMB,,,,300
200289,EIR,X,RMB,,,,30
199526,GJF,GH,RMB,64,96,96,
199526,DCF,P,RMB,,,,82
199526,DOC,P,RMB,,,,450
199526,SEAL,X,RMB,,,,40
200002,GJF,GH,RMB,64,96,96,
199526,THC,GH,RMB,566,887,887,
200002,DCF,P,RMB,,,,82
199526,TELEX,P,RMB,,,,400
200002,DOC,P,RMB,,,,450
200276,GJF,GH,RMB,64,96,96,
200002,SEAL,X,RMB,,,,30
199526,EIR,X,RMB,,,,30
200002,THC,GH,RMB,550,825,825,
200276,DCF,P,RMB,,,,102
200002,TELEX,P,RMB,,,,500
200276,DOC,P,RMB,,,,500
200002,EIR,X,RMB,,,,35
200276,SEAL,X,RMB,,,,30
200276,THC,GH,RMB,646,982,982,
200276,TELEX,P,RMB,,,,300
200276,EIR,X,RMB,,,,30
201138,GJF,GH,RMB,64,96,96,
201138,DCF,P,RMB,,,,102
201138,DOC,P,RMB,,,,500
201138,SEAL,X,RMB,,,,30
201138,THC,GH,RMB,646,982,982,
201138,TELEX,P,RMB,,,,300
201138,EIR,X,RMB,,,,30
200247,GJF,GH,RMB,64,96,96,
200247,DCF,P,RMB,,,,102
200247,DOC,P,RMB,,,,500
200247,SEAL,X,RMB,,,,30
200247,THC,GH,RMB,646,982,982,
200247,TELEX,P,RMB,,,,300
200247,EIR,X,RMB,,,,30
219019,GJF,GH,RMB,64,96,96,
219005,GJF,GH,RMB,64,96,96,
219019,DCF,P,RMB,,,,82
219005,DCF,P,RMB,,,,82
219019,DOC,P,RMB,,,,450
219005,DOC,P,RMB,,,,450
219019,SEAL,X,RMB,,,,40
219005,SEAL,X,RMB,,,,40
219005,THC,GH,RMB,566,887,887,
219019,THC,GH,RMB,566,887,887,
219005,TELEX,P,RMB,,,,400
219019,TELEX,P,RMB,,,,400
219005,EIR,X,RMB,,,,30
219019,EIR,X,RMB,,,,30
201076,GJF,GH,RMB,64,96,96,
201076,DCF,P,RMB,,,,82
201076,DOC,P,RMB,,,,450
201076,SEAL,X,RMB,,,,50
201076,THC,GH,RMB,563,856,856,
201076,TELEX,P,RMB,,,,190
201076,EIR,X,RMB,,,,50
199501,GJF,GH,RMB,64,96,96,
199501,DCF,P,RMB,,,,82
199501,DOC,P,RMB,,,,450
199501,SEAL,X,RMB,,,,40
199501,THC,GH,RMB,566,887,887,
199501,TELEX,P,RMB,,,,400
199501,EIR,X,RMB,,,,30
200004,GJF,GH,RMB,64,96,96,
200004,DCF,P,RMB,,,,82
200004,DOC,P,RMB,,,,450
200004,SEAL,X,RMB,,,,30
200004,THC,GH,RMB,550,825,825,
200004,TELEX,P,RMB,,,,500
200004,EIR,X,RMB,,,,35
201139,GJF,GH,RMB,64,96,96,
201139,DCF,P,RMB,,,,102
201139,DOC,P,RMB,,,,500
201139,SEAL,X,RMB,,,,30
201139,THC,GH,RMB,646,982,982,
201139,TELEX,P,RMB,,,,300
201139,EIR,X,RMB,,,,30
199382,GJF,GH,RMB,64,96,96,
199382,DCF,P,RMB,,,,82
199382,DOC,P,RMB,,,,450
199382,SEAL,X,RMB,,,,50
199382,THC,GH,RMB,563,856,856,
199382,TELEX,P,RMB,,,,190
199382,EIR,X,RMB,,,,50
219006,GJF,GH,RMB,64,96,96,
219006,DCF,P,RMB,,,,82
219006,DOC,P,RMB,,,,450
219006,SEAL,X,RMB,,,,40
219006,THC,GH,RMB,566,887,887,
219006,TELEX,P,RMB,,,,400
219006,EIR,X,RMB,,,,30
201147,GJF,GH,RMB,64,96,96,
201147,DCF,P,RMB,,,,102
200258,GJF,GH,RMB,64,96,96,
201147,DOC,P,RMB,,,,500
200258,DCF,P,RMB,,,,102
201147,SEAL,X,RMB,,,,30
200258,DOC,P,RMB,,,,500
201147,THC,GH,RMB,646,982,982,
201147,TELEX,P,RMB,,,,300
200258,SEAL,X,RMB,,,,30
200258,THC,GH,RMB,646,982,982,
200258,TELEX,P,RMB,,,,300
201147,EIR,X,RMB,,,,30
200258,EIR,X,RMB,,,,30
200259,GJF,GH,RMB,64,96,96,
200259,DCF,P,RMB,,,,102
200259,DOC,P,RMB,,,,500
200259,SEAL,X,RMB,,,,30
200259,THC,GH,RMB,646,982,982,
200259,TELEX,P,RMB,,,,300
200259,EIR,X,RMB,,,,30
201075,GJF,GH,RMB,64,96,96,
201075,DCF,P,RMB,,,,82
201075,DOC,P,RMB,,,,450
201075,SEAL,X,RMB,,,,50
201075,THC,GH,RMB,563,856,856,
201075,TELEX,P,RMB,,,,190
201075,EIR,X,RMB,,,,50
200011,GJF,GH,RMB,64,96,96,
200011,DCF,P,RMB,,,,82
200011,DOC,P,RMB,,,,450
200011,SEAL,X,RMB,,,,30
200011,THC,GH,RMB,550,825,825,
200011,TELEX,P,RMB,,,,500
200011,EIR,X,RMB,,,,35
200314,GJF,GH,RMB,64,96,96,
200314,DCF,P,RMB,,,,102
200314,DOC,P,RMB,,,,500
200314,SEAL,X,RMB,,,,30
200314,THC,GH,RMB,646,982,982,
200314,TELEX,P,RMB,,,,300
200314,EIR,X,RMB,,,,30
201279,GJF,GH,RMB,64,96,96,
201279,DCF,P,RMB,,,,82
201279,DOC,P,RMB,,,,450
200260,GJF,GH,RMB,64,96,96,
201279,SEAL,X,RMB,,,,30
201279,THC,GH,RMB,656,963,963,
200260,SEAL,X,RMB,,,,30
201279,TELEX,P,RMB,,,,300
200260,THC,GH,RMB,646,982,982,
201279,EIR,X,RMB,,,,20
200260,TELEX,P,RMB,,,,300
200313,GJF,GH,RMB,64,96,96,
200260,EIR,X,RMB,,,,30
200313,DCF,P,RMB,,,,102
200313,DOC,P,RMB,,,,500
200313,SEAL,X,RMB,,,,30
200313,THC,GH,RMB,646,982,982,
200313,TELEX,P,RMB,,,,300
200313,EIR,X,RMB,,,,30
200006,GJF,GH,RMB,64,96,96,
200006,DCF,P,RMB,,,,82
199531,GJF,GH,RMB,64,96,96,
200006,DOC,P,RMB,,,,450
199531,DCF,P,RMB,,,,82
200006,SEAL,X,RMB,,,,30
199531,DOC,P,RMB,,,,450
199531,SEAL,X,RMB,,,,40
200006,THC,GH,RMB,550,825,825,
199531,THC,GH,RMB,566,887,887,
200006,TELEX,P,RMB,,,,500
199531,TELEX,P,RMB,,,,400
200006,EIR,X,RMB,,,,35
199531,EIR,X,RMB,,,,30
199985,GJF,GH,RMB,64,96,96,
199985,DCF,P,RMB,,,,82
199985,DOC,P,RMB,,,,450
199985,SEAL,X,RMB,,,,30
199985,THC,GH,RMB,550,825,825,
199985,TELEX,P,RMB,,,,500
199985,EIR,X,RMB,,,,35
219008,GJF,GH,RMB,64,96,96,
219008,DCF,P,RMB,,,,82
219008,DOC,P,RMB,,,,450
219008,SEAL,X,RMB,,,,40
219008,THC,GH,RMB,566,887,887,
219008,TELEX,P,RMB,,,,400
219008,EIR,X,RMB,,,,30
200315,GJF,GH,RMB,64,96,96,
200315,DCF,P,RMB,,,,102
200315,DOC,P,RMB,,,,500
200315,SEAL,X,RMB,,,,30
200315,THC,GH,RMB,646,982,982,
200315,TELEX,P,RMB,,,,300
200315,EIR,X,RMB,,,,30
200290,GJF,GH,RMB,64,96,96,
200290,DCF,P,RMB,,,,102
200290,DOC,P,RMB,,,,500
200290,SEAL,X,RMB,,,,30
200290,THC,GH,RMB,646,982,982,
200290,TELEX,P,RMB,,,,300
200290,EIR,X,RMB,,,,30
199361,GJF,GH,RMB,64,96,96,
199361,DCF,P,RMB,,,,82
199361,DOC,P,RMB,,,,450
199361,SEAL,X,RMB,,,,50
200007,GJF,GH,RMB,64,96,96,
199361,THC,GH,RMB,563,856,856,
200007,DCF,P,RMB,,,,82
199361,TELEX,P,RMB,,,,190
200007,DOC,P,RMB,,,,450
199361,EIR,X,RMB,,,,50
200007,SEAL,X,RMB,,,,30
200007,THC,GH,RMB,550,825,825,
200007,TELEX,P,RMB,,,,500
200007,EIR,X,RMB,,,,35
201140,GJF,GH,RMB,64,96,96,
201140,DCF,P,RMB,,,,102
201140,DOC,P,RMB,,,,500
201140,SEAL,X,RMB,,,,30
200239,GJF,GH,RMB,64,96,96,
201140,THC,GH,RMB,646,982,982,
200239,DCF,P,RMB,,,,102
201140,TELEX,P,RMB,,,,300
200239,DOC,P,RMB,,,,500
201140,EIR,X,RMB,,,,30
200239,SEAL,X,RMB,,,,30
200239,THC,GH,RMB,646,982,982,
200239,TELEX,P,RMB,,,,300
200239,EIR,X,RMB,,,,30
219009,GJF,GH,RMB,64,96,96,
219009,DCF,P,RMB,,,,82
219009,DOC,P,RMB,,,,450
219009,SEAL,X,RMB,,,,40
219009,THC,GH,RMB,566,887,887,
219009,TELEX,P,RMB,,,,400
219009,EIR,X,RMB,,,,30
201141,GJF,GH,RMB,64,96,96,
201141,DCF,P,RMB,,,,102
201141,DOC,P,RMB,,,,500
201141,SEAL,X,RMB,,,,30
201141,THC,GH,RMB,646,982,982,
201141,TELEX,P,RMB,,,,300
201141,EIR,X,RMB,,,,30
199363,GJF,GH,RMB,64,96,96,
200278,GJF,GH,RMB,64,96,96,
199363,DCF,P,RMB,,,,82
200303,GJF,GH,RMB,64,96,96,
200303,DCF,P,RMB,,,,102
200278,DCF,P,RMB,,,,102
199363,DOC,P,RMB,,,,450
200303,DOC,P,RMB,,,,500
200278,DOC,P,RMB,,,,500
199363,SEAL,X,RMB,,,,50
200303,SEAL,X,RMB,,,,30
200278,SEAL,X,RMB,,,,30
200303,THC,GH,RMB,646,982,982,
200278,THC,GH,RMB,646,982,982,
199363,TELEX,P,RMB,,,,190
200303,TELEX,P,RMB,,,,300
200278,TELEX,P,RMB,,,,300
200278,EIR,X,RMB,,,,30
199363,EIR,X,RMB,,,,50
200303,EIR,X,RMB,,,,30
201148,GJF,GH,RMB,64,96,96,
201148,DCF,P,RMB,,,,102
201148,DOC,P,RMB,,,,500
201148,SEAL,X,RMB,,,,30
201148,THC,GH,RMB,646,982,982,
201148,TELEX,P,RMB,,,,300
201148,EIR,X,RMB,,,,30
200853,GJF,GH,RMB,64,96,96,
200853,DCF,P,RMB,,,,102
200853,DOC,P,RMB,,,,500
200853,SEAL,X,RMB,,,,30
200852,GJF,GH,RMB,64,96,96,
200853,THC,GH,RMB,646,982,982,
200852,DCF,P,RMB,,,,102
200853,TELEX,P,RMB,,,,300
200852,DOC,P,RMB,,,,500
200853,EIR,X,RMB,,,,30
200852,SEAL,X,RMB,,,,30
200852,THC,GH,RMB,646,982,982,
200852,TELEX,P,RMB,,,,300
200852,EIR,X,RMB,,,,30
200977,GJF,GH,RMB,64,96,96,
200977,DCF,P,RMB,,,,102
200977,DOC,P,RMB,,,,450
200977,SEAL,X,RMB,,,,30
200977,THC,GH,RMB,620,930,930,
200977,TELEX,P,RMB,,,,350
200977,EIR,X,RMB,,,,30
201195,GJF,GH,RMB,64,96,96,
201195,DCF,P,RMB,,,,102
201195,DOC,P,RMB,,,,500
201195,SEAL,X,RMB,,,,30
201195,THC,GH,RMB,646,982,982,
201195,TELEX,P,RMB,,,,300
201195,EIR,X,RMB,,,,30
200034,GJF,GH,RMB,64,96,96,
200034,DCF,P,RMB,,,,82
200034,DOC,P,RMB,,,,450
200034,SEAL,X,RMB,,,,30
200034,THC,GH,RMB,550,825,825,
200034,TELEX,P,RMB,,,,500
200034,EIR,X,RMB,,,,35
200858,GJF,GH,RMB,64,96,96,
200858,DCF,P,RMB,,,,102
200858,DOC,P,RMB,,,,500
200858,SEAL,X,RMB,,,,30
200858,THC,GH,RMB,646,982,982,
200858,TELEX,P,RMB,,,,300
200858,EIR,X,RMB,,,,30
218996,GJF,GH,RMB,64,96,96,
218996,DCF,P,RMB,,,,82
218996,DOC,P,RMB,,,,450
218996,SEAL,X,RMB,,,,40
218996,THC,GH,RMB,566,887,887,
218996,TELEX,P,RMB,,,,400
218996,EIR,X,RMB,,,,30
200035,GJF,GH,RMB,64,96,96,
200035,DCF,P,RMB,,,,82
200035,DOC,P,RMB,,,,450
200035,SEAL,X,RMB,,,,30
200035,THC,GH,RMB,550,825,825,
200035,TELEX,P,RMB,,,,500
201295,GJF,GH,RMB,64,96,96,
200035,EIR,X,RMB,,,,35
201295,DCF,P,RMB,,,,82
201295,DOC,P,RMB,,,,450
6,
200248,DCF,P,RMB,,,,102
201295,SEAL,X,RMB,,,,30
200248,DOC,P,RMB,,,,500
,963,
200248,SEAL,X,RMB,,,,30

201295,EIR,X,RMB,,,,20
200248,THC,GH,RMB,646,982,982,
200248,TELEX,P,RMB,,,,300
200248,EIR,X,RMB,,,,30
199364,GJF,GH,RMB,64,96,96,
199364,DCF,P,RMB,,,,82
199364,DOC,P,RMB,,,,450
199364,SEAL,X,RMB,,,,50
199364,THC,GH,RMB,563,856,856,
199364,TELEX,P,RMB,,,,190
199364,EIR,X,RMB,,,,50
200857,GJF,GH,RMB,64,96,96,
200857,DCF,P,RMB,,,,102
200857,DOC,P,RMB,,,,500
200857,SEAL,X,RMB,,,,30
200857,THC,GH,RMB,646,982,982,
200857,TELEX,P,RMB,,,,300
200857,EIR,X,RMB,,,,30
200051,GJF,GH,RMB,64,96,96,
200051,DCF,P,RMB,,,,82
200051,DOC,P,RMB,,,,450
200051,SEAL,X,RMB,,,,30
200051,THC,GH,RMB,550,825,825,
200051,TELEX,P,RMB,,,,500
200051,EIR,X,RMB,,,,35
200282,GJF,GH,RMB,64,96,96,
200013,GJF,GH,RMB,64,96,96,
200282,DCF,P,RMB,,,,102
200013,DCF,P,RMB,,,,82
200282,DOC,P,RMB,,,,500
200013,DOC,P,RMB,,,,450
200282,SEAL,X,RMB,,,,30
200013,SEAL,X,RMB,,,,30
200282,THC,GH,RMB,646,982,982,
200013,THC,GH,RMB,550,825,825,
200282,TELEX,P,RMB,,,,300
200013,TELEX,P,RMB,,,,500
200282,EIR,X,RMB,,,,30
200013,EIR,X,RMB,,,,35
201017,GJF,GH,RMB,64,96,96,
201017,DCF,P,RMB,,,,82
201017,DOC,P,RMB,,,,450
201017,SEAL,X,RMB,,,,30
201017,THC,GH,RMB,550,825,825,
201017,TELEX,P,RMB,,,,500
201017,EIR,X,RMB,,,,35
200024,GJF,GH,RMB,64,96,96,
200024,DCF,P,RMB,,,,82
200024,DOC,P,RMB,,,,450
200024,SEAL,X,RMB,,,,30
200024,THC,GH,RMB,550,825,825,
200024,TELEX,P,RMB,,,,500
200024,EIR,X,RMB,,,,35
200012,GJF,GH,RMB,64,96,96,
200012,DCF,P,RMB,,,,82
200012,DOC,P,RMB,,,,450
200010,GJF,GH,RMB,64,96,96,
200012,SEAL,X,RMB,,,,30
200012,THC,GH,RMB,550,825,825,
200010,DCF,P,RMB,,,,82
200010,DOC,P,RMB,,,,450
200012,TELEX,P,RMB,,,,500
200010,SEAL,X,RMB,,,,30
200012,EIR,X,RMB,,,,35
200010,THC,GH,RMB,550,825,825,
200010,TELEX,P,RMB,,,,500
200010,EIR,X,RMB,,,,35
200291,GJF,GH,RMB,64,96,96,
200262,GJF,GH,RMB,64,96,96,
200291,DCF,P,RMB,,,,102
200262,DCF,P,RMB,,,,102
200291,DOC,P,RMB,,,,500
200262,DOC,P,RMB,,,,500
201009,GJF,GH,RMB,64,96,96,
200291,SEAL,X,RMB,,,,30
200262,SEAL,X,RMB,,,,30
200291,THC,GH,RMB,646,982,982,
201009,DCF,P,RMB,,,,82
200262,THC,GH,RMB,646,982,982,
201009,DOC,P,RMB,,,,450
200291,TELEX,P,RMB,,,,300
200262,TELEX,P,RMB,,,,300
201009,SEAL,X,RMB,,,,30
200291,EIR,X,RMB,,,,30
200262,EIR,X,RMB,,,,30
201009,THC,GH,RMB,550,825,825,
201009,TELEX,P,RMB,,,,500
201196,GJF,GH,RMB,64,96,96,
201009,EIR,X,RMB,,,,35
201196,DCF,P,RMB,,,,102
201196,DOC,P,RMB,,,,500
200043,GJF,GH,RMB,64,96,96,
201196,SEAL,X,RMB,,,,30
201196,THC,GH,RMB,646,982,982,
200043,DCF,P,RMB,,,,82
201196,TELEX,P,RMB,,,,300
200043,DOC,P,RMB,,,,450
201196,EIR,X,RMB,,,,30
200043,SEAL,X,RMB,,,,30
200043,THC,GH,RMB,550,825,825,
200043,TELEX,P,RMB,,,,500
200009,GJF,GH,RMB,64,96,96,
200009,DCF,P,RMB,,,,82
200043,EIR,X,RMB,,,,35
200009,DOC,P,RMB,,,,450
200009,SEAL,X,RMB,,,,30
200009,THC,GH,RMB,550,825,825,
200009,TELEX,P,RMB,,,,500
200009,EIR,X,RMB,,,,35
200317,GJF,GH,RMB,64,96,96,
200317,DCF,P,RMB,,,,102
200317,DOC,P,RMB,,,,500
200317,SEAL,X,RMB,,,,30
200317,THC,GH,RMB,646,982,982,
200317,TELEX,P,RMB,,,,300
200317,EIR,X,RMB,,,,30
200261,GJF,GH,RMB,64,96,96,
200261,DCF,P,RMB,,,,102
200292,GJF,GH,RMB,64,96,96,
200261,DOC,P,RMB,,,,500
200292,DCF,P,RMB,,,,102
200261,SEAL,X,RMB,,,,30
200292,DOC,P,RMB,,,,500
200261,THC,GH,RMB,646,982,982,
200292,SEAL,X,RMB,,,,30
200261,TELEX,P,RMB,,,,300
200292,THC,GH,RMB,646,982,982,
200261,EIR,X,RMB,,,,30
200292,TELEX,P,RMB,,,,300
200292,EIR,X,RMB,,,,30
200036,GJF,GH,RMB,64,96,96,
200036,DCF,P,RMB,,,,82
200036,DOC,P,RMB,,,,450
200036,SEAL,X,RMB,,,,30
200036,THC,GH,RMB,550,825,825,
200036,TELEX,P,RMB,,,,500
200036,EIR,X,RMB,,,,35
199545,GJF,GH,RMB,64,96,96,
199545,DCF,P,RMB,,,,82
201019,GJF,GH,RMB,64,96,96,
199545,DOC,P,RMB,,,,450
201019,DCF,P,RMB,,,,82
199545,SEAL,X,RMB,,,,40
201019,DOC,P,RMB,,,,450
200297,GJF,GH,RMB,64,96,96,
199545,THC,GH,RMB,566,887,887,
201019,SEAL,X,RMB,,,,30
200297,DCF,P,RMB,,,,102
201019,THC,GH,RMB,550,825,825,
199545,TELEX,P,RMB,,,,400
200297,DOC,P,RMB,,,,500
199545,EIR,X,RMB,,,,30
96,
201019,EIR,X,RMB,,,,35
200297,SEAL,X,RMB,,,,30
200316,DCF,P,RMB,,,,102
200297,THC,GH,RMB,646,982,982,
200316,DOC,P,RMB,,,,500
200297,TELEX,P,RMB,,,,300
200316,SEAL,X,RMB,,,,30
200297,EIR,X,RMB,,,,30
200316,THC,GH,RMB,646,982,982,
200316,TELEX,P,RMB,,,,300
200316,EIR,X,RMB,,,,30
200327,GJF,GH,RMB,64,96,96,
200327,DCF,P,RMB,,,,102
200327,DOC,P,RMB,,,,500
200327,SEAL,X,RMB,,,,30
200327,THC,GH,RMB,646,982,982,
200327,TELEX,P,RMB,,,,300
200327,EIR,X,RMB,,,,30
200052,GJF,GH,RMB,64,96,96,
200052,DCF,P,RMB,,,,82
200052,DOC,P,RMB,,,,450
200052,SEAL,X,RMB,,,,30
200052,THC,GH,RMB,550,825,825,
200052,TELEX,P,RMB,,,,500
200052,EIR,X,RMB,,,,35
201021,GJF,GH,RMB,64,96,96,
201021,DCF,P,RMB,,,,82
201021,DOC,P,RMB,,,,450
201021,SEAL,X,RMB,,,,30
201021,THC,GH,RMB,550,825,825,
201021,TELEX,P,RMB,,,,500
201021,EIR,X,RMB,,,,35
201142,GJF,GH,RMB,64,96,96,
201142,DCF,P,RMB,,,,102
201142,DOC,P,RMB,,,,500
201142,SEAL,X,RMB,,,,30
200329,GJF,GH,RMB,64,96,96,
201142,THC,GH,RMB,646,982,982,
200329,DCF,P,RMB,,,,102
201142,TELEX,P,RMB,,,,300
200329,DOC,P,RMB,,,,500
201142,EIR,X,RMB,,,,30
200329,SEAL,X,RMB,,,,30
200329,THC,GH,RMB,646,982,982,
200329,TELEX,P,RMB,,,,300
200329,EIR,X,RMB,,,,30
200277,GJF,GH,RMB,64,96,96,
219022,GJF,GH,RMB,64,96,96,
219022,DCF,P,RMB,,,,82
200277,DCF,P,RMB,,,,102
219022,DOC,P,RMB,,,,450
200277,DOC,P,RMB,,,,500
219022,SEAL,X,RMB,,,,40
200277,SEAL,X,RMB,,,,30
219022,THC,GH,RMB,566,887,887,
200277,THC,GH,RMB,646,982,982,
219022,TELEX,P,RMB,,,,400
199367,GJF,GH,RMB,64,96,96,
219022,EIR,X,RMB,,,,30
199367,DCF,P,RMB,,,,82
200277,EIR,X,RMB,,,,30
199367,DOC,P,RMB,,,,450
199367,SEAL,X,RMB,,,,50
199367,THC,GH,RMB,563,856,856,
199367,TELEX,P,RMB,,,,190
199367,EIR,X,RMB,,,,50
200037,GJF,GH,RMB,64,96,96,
200037,DCF,P,RMB,,,,82
200037,DOC,P,RMB,,,,450
200037,SEAL,X,RMB,,,,30
200037,THC,GH,RMB,550,825,825,
200037,TELEX,P,RMB,,,,500
200037,EIR,X,RMB,,,,35
200008,GJF,GH,RMB,64,96,96,
200008,DCF,P,RMB,,,,82
200008,DOC,P,RMB,,,,450
200008,SEAL,X,RMB,,,,30
200298,GJF,GH,RMB,64,96,96,
200008,THC,GH,RMB,550,825,825,
200298,DCF,P,RMB,,,,102
200008,TELEX,P,RMB,,,,500
200298,DOC,P,RMB,,,,500
200008,EIR,X,RMB,,,,35
200298,SEAL,X,RMB,,,,30
200298,THC,GH,RMB,646,982,982,
200298,TELEX,P,RMB,,,,300
200298,EIR,X,RMB,,,,30
199366,GJF,GH,RMB,64,96,96,
199366,DCF,P,RMB,,,,82
199366,DOC,P,RMB,,,,450
201078,GJF,GH,RMB,64,96,96,
200053,GJF,GH,RMB,64,96,96,
201078,DCF,P,RMB,,,,82
199366,THC,GH,RMB,563,856,856,
200264,DCF,P,RMB,,,,102
199366,TELEX,P,RMB,,,,190
200053,DOC,P,RMB,,,,450
201078,DOC,P,RMB,,,,450
200264,DOC,P,RMB,,,,500
201078,SEAL,X,RMB,,,,50
200053,SEAL,X,RMB,,,,30
199366,EIR,X,RMB,,,,50
201078,THC,GH,RMB,563,856,856,
200264,SEAL,X,RMB,,,,30
200053,THC,GH,RMB,550,825,825,
201078,TELEX,P,RMB,,,,190
200264,THC,GH,RMB,646,982,982,
200053,TELEX,P,RMB,,,,500
201078,EIR,X,RMB,,,,50
200264,TELEX,P,RMB,,,,300
200264,EIR,X,RMB,,,,30
199534,GJF,GH,RMB,64,96,96,
199534,DCF,P,RMB,,,,82
199534,DOC,P,RMB,,,,450
200319,GJF,GH,RMB,64,96,96,
199534,SEAL,X,RMB,,,,40
200319,DCF,P,RMB,,,,102
199534,THC,GH,RMB,566,887,887,
199370,GJF,GH,RMB,64,96,96,
199534,TELEX,P,RMB,,,,400
199370,DCF,P,RMB,,,,82

199534,EIR,X,RMB,,,,30
200319,THC,GH,RMB,646,982,982,
199370,DOC,P,RMB,,,,450
200319,TELEX,P,RMB,,,,300
199370,SEAL,X,RMB,,,,50
200319,EIR,X,RMB,,,,30
199370,THC,GH,RMB,563,856,856,
199370,TELEX,P,RMB,,,,190
199536,GJF,GH,RMB,64,96,96,
199370,EIR,X,RMB,,,,50
199536,DCF,P,RMB,,,,82
199536,DOC,P,RMB,,,,450
200015,GJF,GH,RMB,64,96,96,
199536,SEAL,X,RMB,,,,40
200015,DCF,P,RMB,,,,82
199536,THC,GH,RMB,566,887,887,
200015,DOC,P,RMB,,,,450
199536,TELEX,P,RMB,,,,400
200015,SEAL,X,RMB,,,,30
199536,EIR,X,RMB,,,,30
200015,THC,GH,RMB,550,825,825,
200015,TELEX,P,RMB,,,,500
200015,EIR,X,RMB,,,,35
199371,GJF,GH,RMB,64,96,96,
199371,DCF,P,RMB,,,,82
199371,DOC,P,RMB,,,,450
199371,SEAL,X,RMB,,,,50
199371,THC,GH,RMB,563,856,856,
199371,TELEX,P,RMB,,,,190
199371,EIR,X,RMB,,,,50
200014,GJF,GH,RMB,64,96,96,
200014,DCF,P,RMB,,,,82
200014,DOC,P,RMB,,,,450
200014,SEAL,X,RMB,,,,30
200014,THC,GH,RMB,550,825,825,
200014,TELEX,P,RMB,,,,500
200014,EIR,X,RMB,,,,35
201077,GJF,GH,RMB,64,96,96,
201077,DCF,P,RMB,,,,82
201077,DOC,P,RMB,,,,450
201077,SEAL,X,RMB,,,,50
201077,THC,GH,RMB,563,856,856,
201077,TELEX,P,RMB,,,,190
201077,EIR,X,RMB,,,,50
219021,GJF,GH,RMB,64,96,96,
219021,DCF,P,RMB,,,,82
219021,DOC,P,RMB,,,,450
219021,SEAL,X,RMB,,,,40
219021,THC,GH,RMB,566,887,887,
219021,TELEX,P,RMB,,,,400
219021,EIR,X,RMB,,,,30
201296,GJF,GH,RMB,64,96,96,
201296,DCF,P,RMB,,,,82
201296,DOC,P,RMB,,,,450
201296,SEAL,X,RMB,,,,30
201296,THC,GH,RMB,656,963,963,
201296,TELEX,P,RMB,,,,300
201296,EIR,X,RMB,,,,20
199537,GJF,GH,RMB,64,96,96,
199537,DCF,P,RMB,,,,82
199537,DOC,P,RMB,,,,450
199537,SEAL,X,RMB,,,,40
199537,THC,GH,RMB,566,887,887,
199537,TELEX,P,RMB,,,,400
199537,EIR,X,RMB,,,,30
201309,GJF,GH,RMB,64,96,96,
200263,GJF,GH,RMB,64,96,96,
201309,DCF,P,RMB,,,,82
200263,DCF,P,RMB,,,,102
199561,GJF,GH,RMB,64,96,96,
201309,DOC,P,RMB,,,,450
200263,DOC,P,RMB,,,,500
199561,DCF,P,RMB,,,,82
201309,SEAL,X,RMB,,,,30
199561,DOC,P,RMB,,,,450
201309,THC,GH,RMB,656,963,963,
199561,SEAL,X,RMB,,,,40
201309,TELEX,P,RMB,,,,300
200263,THC,GH,RMB,646,982,982,
199561,THC,GH,RMB,566,887,887,
201309,EIR,X,RMB,,,,20
199561,TELEX,P,RMB,,,,400
200263,TELEX,P,RMB,,,,300
199561,EIR,X,RMB,,,,30
200263,EIR,X,RMB,,,,30
200318,GJF,GH,RMB,64,96,96,
200318,DCF,P,RMB,,,,102
200318,DOC,P,RMB,,,,500
200318,SEAL,X,RMB,,,,30
200318,THC,GH,RMB,646,982,982,
200318,TELEX,P,RMB,,,,300
200318,EIR,X,RMB,,,,30
219010,GJF,GH,RMB,64,96,96,
219010,DCF,P,RMB,,,,82
219010,DOC,P,RMB,,,,450
219010,SEAL,X,RMB,,,,40
219010,THC,GH,RMB,566,887,887,
201296,GJF,GH,RMB,64,96,96,
219010,TELEX,P,RMB,,,,400
201296,DCF,P,RMB,,,,82
201296,DOC,P,RMB,,,,450
219010,EIR,X,RMB,,,,30
201296,SEAL,X,RMB,,,,30
201296,THC,GH,RMB,656,963,963,
201296,TELEX,P,RMB,,,,300
201296,EIR,X,RMB,,,,20
199372,GJF,GH,RMB,64,96,96,
199372,DCF,P,RMB,,,,82
199372,DOC,P,RMB,,,,450
201297,GJF,GH,RMB,64,96,96,
199372,SEAL,X,RMB,,,,50
201297,DCF,P,RMB,,,,82
199988,GJF,GH,RMB,64,96,96,
199372,THC,GH,RMB,563,856,856,
201297,DOC,P,RMB,,,,450
199988,DCF,P,RMB,,,,82
199372,TELEX,P,RMB,,,,190
201297,SEAL,X,RMB,,,,30
199988,DOC,P,RMB,,,,450
199372,EIR,X,RMB,,,,50
201297,THC,GH,RMB,656,963,963,
199988,SEAL,X,RMB,,,,30
201297,TELEX,P,RMB,,,,300
199988,THC,GH,RMB,550,825,825,
201297,EIR,X,RMB,,,,20
199988,TELEX,P,RMB,,,,500
199988,EIR,X,RMB,,,,35
201309,GJF,GH,RMB,64,96,96,
201309,DCF,P,RMB,,,,82
201309,DOC,P,RMB,,,,450
201309,SEAL,X,RMB,,,,30
201309,THC,GH,RMB,656,963,963,
201309,TELEX,P,RMB,,,,300
201309,EIR,X,RMB,,,,20
200045,GJF,GH,RMB,64,96,96,
200045,DCF,P,RMB,,,,82
200045,DOC,P,RMB,,,,450
200045,SEAL,X,RMB,,,,30
200045,THC,GH,RMB,550,825,825,
200045,TELEX,P,RMB,,,,500
200045,EIR,X,RMB,,,,35
200243,GJF,GH,RMB,64,96,96,
200243,DCF,P,RMB,,,,102
200243,DOC,P,RMB,,,,500
200243,SEAL,X,RMB,,,,30
200243,THC,GH,RMB,646,982,982,
200243,TELEX,P,RMB,,,,300
200243,EIR,X,RMB,,,,30
199988,GJF,GH,RMB,64,96,96,
199988,DCF,P,RMB,,,,82
199988,DOC,P,RMB,,,,450
199988,SEAL,X,RMB,,,,30
199988,THC,GH,RMB,550,825,825,
199988,TELEX,P,RMB,,,,500
199988,EIR,X,RMB,,,,35
200242,GJF,GH,RMB,64,96,96,
200242,DCF,P,RMB,,,,102
200242,DOC,P,RMB,,,,500
200242,SEAL,X,RMB,,,,30
200242,THC,GH,RMB,646,982,982,
200242,TELEX,P,RMB,,,,300
200242,EIR,X,RMB,,,,30
200283,GJF,GH,RMB,64,96,96,
200283,DCF,P,RMB,,,,102
200283,DOC,P,RMB,,,,500
200283,SEAL,X,RMB,,,,30
200283,THC,GH,RMB,646,982,982,
200283,TELEX,P,RMB,,,,300
200283,EIR,X,RMB,,,,30
201280,GJF,GH,RMB,64,96,96,
201280,DCF,P,RMB,,,,82
201280,DOC,P,RMB,,,,450
201280,SEAL,X,RMB,,,,30
201280,THC,GH,RMB,656,963,963,
201280,TELEX,P,RMB,,,,300
201280,EIR,X,RMB,,,,20
200045,GJF,GH,RMB,64,96,96,
200045,DCF,P,RMB,,,,82
200045,DOC,P,RMB,,,,450
200045,SEAL,X,RMB,,,,30
200045,THC,GH,RMB,550,825,825,
200045,TELEX,P,RMB,,,,500
200045,EIR,X,RMB,,,,35
200279,GJF,GH,RMB,64,96,96,
200279,DCF,P,RMB,,,,102
200279,DOC,P,RMB,,,,500
200279,SEAL,X,RMB,,,,30
200279,THC,GH,RMB,646,982,982,
199989,GJF,GH,RMB,64,96,96,
200279,TELEX,P,RMB,,,,300
200279,EIR,X,RMB,,,,30
199989,DCF,P,RMB,,,,82
199989,DOC,P,RMB,,,,450
199989,SEAL,X,RMB,,,,30
199989,THC,GH,RMB,550,825,825,
199989,TELEX,P,RMB,,,,500
199989,EIR,X,RMB,,,,35
211234,GJF,GH,RMB,64,96,96,
200242,GJF,GH,RMB,64,96,96,
211234,DCF,P,RMB,,,,82
200242,DCF,P,RMB,,,,102
211234,DOC,P,RMB,,,,450
200242,DOC,P,RMB,,,,500
211234,SEAL,X,RMB,,,,30
200242,SEAL,X,RMB,,,,30
211234,THC,GH,RMB,550,825,825,
200242,THC,GH,RMB,646,982,982,
211234,TELEX,P,RMB,,,,500
200242,TELEX,P,RMB,,,,300
211234,EIR,X,RMB,,,,35
200242,EIR,X,RMB,,,,30
200265,GJF,GH,RMB,64,96,96,
200265,DCF,P,RMB,,,,102
200265,DOC,P,RMB,,,,500
200265,SEAL,X,RMB,,,,30
200265,THC,GH,RMB,646,982,982,
200021,GJF,GH,RMB,64,96,96,
200265,TELEX,P,RMB,,,,300
200021,DCF,P,RMB,,,,82
200265,EIR,X,RMB,,,,30
200021,DOC,P,RMB,,,,450
200021,SEAL,X,RMB,,,,30
200021,THC,GH,RMB,550,825,825,
200021,TELEX,P,RMB,,,,500
200021,EIR,X,RMB,,,,35
200279,GJF,GH,RMB,64,96,96,
200279,DCF,P,RMB,,,,102
200279,DOC,P,RMB,,,,500
200279,SEAL,X,RMB,,,,30
200279,THC,GH,RMB,646,982,982,
200279,TELEX,P,RMB,,,,300
200279,EIR,X,RMB,,,,30
200240,GJF,GH,RMB,64,96,96,
200240,DCF,P,RMB,,,,102
200240,DOC,P,RMB,,,,500
200240,SEAL,X,RMB,,,,30
199500,GJF,GH,RMB,64,96,96,
200240,THC,GH,RMB,646,982,982,
200240,TELEX,P,RMB,,,,300
199500,DCF,P,RMB,,,,82
200240,EIR,X,RMB,,,,30
199500,DOC,P,RMB,,,,450
199500,SEAL,X,RMB,,,,40
199500,THC,GH,RMB,566,887,887,
200320,GJF,GH,RMB,64,96,96,
199500,TELEX,P,RMB,,,,400
200320,DCF,P,RMB,,,,102
199500,EIR,X,RMB,,,,30
200265,GJF,GH,RMB,64,96,96,
200320,DOC,P,RMB,,,,500
200265,DCF,P,RMB,,,,102
200320,SEAL,X,RMB,,,,30
200265,DOC,P,RMB,,,,500
200320,THC,GH,RMB,646,982,982,
200265,SEAL,X,RMB,,,,30
200320,TELEX,P,RMB,,,,300
200265,THC,GH,RMB,646,982,982,
200320,EIR,X,RMB,,,,30
200265,TELEX,P,RMB,,,,300
200265,EIR,X,RMB,,,,30
200304,GJF,GH,RMB,64,96,96,
200304,DCF,P,RMB,,,,102
200304,DOC,P,RMB,,,,500
200304,SEAL,X,RMB,,,,30
200304,THC,GH,RMB,646,982,982,
200304,TELEX,P,RMB,,,,300
200304,EIR,X,RMB,,,,30
200320,GJF,GH,RMB,64,96,96,
200320,DCF,P,RMB,,,,102
200320,DOC,P,RMB,,,,500
200320,SEAL,X,RMB,,,,30
200320,THC,GH,RMB,646,982,982,
200320,TELEX,P,RMB,,,,300
200320,EIR,X,RMB,,,,30
199553,GJF,GH,RMB,64,96,96,
199553,DCF,P,RMB,,,,82
199553,DOC,P,RMB,,,,450
199553,SEAL,X,RMB,,,,40
199553,THC,GH,RMB,566,887,887,
199555,GJF,GH,RMB,64,96,96,
199553,TELEX,P,RMB,,,,400
199555,DCF,P,RMB,,,,82
199553,EIR,X,RMB,,,,30
199555,DOC,P,RMB,,,,450
199555,SEAL,X,RMB,,,,40
199555,THC,GH,RMB,566,887,887,
199555,TELEX,P,RMB,,,,400
199555,EIR,X,RMB,,,,30
199553,GJF,GH,RMB,64,96,96,
199553,DCF,P,RMB,,,,82
199553,DOC,P,RMB,,,,450
199553,SEAL,X,RMB,,,,40
199553,THC,GH,RMB,566,887,887,
199553,TELEX,P,RMB,,,,400
199373,GJF,GH,RMB,64,96,96,
199553,EIR,X,RMB,,,,30
199373,DCF,P,RMB,,,,82
199373,DOC,P,RMB,,,,450
199373,SEAL,X,RMB,,,,50
199373,THC,GH,RMB,563,856,856,
199373,TELEX,P,RMB,,,,190
199373,EIR,X,RMB,,,,50
199373,GJF,GH,RMB,64,96,96,
199374,GJF,GH,RMB,64,96,96,
199373,DCF,P,RMB,,,,82
199374,DCF,P,RMB,,,,82
199373,DOC,P,RMB,,,,450
199374,DOC,P,RMB,,,,450
199373,SEAL,X,RMB,,,,50
199374,SEAL,X,RMB,,,,50
199373,THC,GH,RMB,563,856,856,
199374,THC,GH,RMB,563,856,856,
199373,TELEX,P,RMB,,,,190
199374,TELEX,P,RMB,,,,190
199373,EIR,X,RMB,,,,50
199374,EIR,X,RMB,,,,50
216523,GJF,GH,RMB,64,96,96,
216523,DCF,P,RMB,,,,82
216523,DOC,P,RMB,,,,450
216523,SEAL,X,RMB,,,,50
216523,THC,GH,RMB,563,856,856,
216523,TELEX,P,RMB,,,,190
216523,EIR,X,RMB,,,,50
200494,GJF,GH,RMB,64,96,96,
200494,DCF,P,RMB,,,,102
200494,DOC,P,RMB,,,,450
200494,SEAL,X,RMB,,,,30
200494,THC,GH,RMB,620,930,930,
200494,TELEX,P,RMB,,,,350
200494,EIR,X,RMB,,,,30
199385,GJF,GH,RMB,64,96,96,
199385,DCF,P,RMB,,,,82
199385,DOC,P,RMB,,,,450
199385,SEAL,X,RMB,,,,50
199385,THC,GH,RMB,563,856,856,
199385,TELEX,P,RMB,,,,190
199385,EIR,X,RMB,,,,50
199498,GJF,GH,RMB,64,96,96,
199498,DCF,P,RMB,,,,82
199498,DOC,P,RMB,,,,450
199498,SEAL,X,RMB,,,,40
199498,THC,GH,RMB,566,887,887,
199498,TELEX,P,RMB,,,,400
199498,EIR,X,RMB,,,,30
199375,GJF,GH,RMB,64,96,96,
199375,DCF,P,RMB,,,,82
199375,DOC,P,RMB,,,,450
199375,SEAL,X,RMB,,,,50
199375,THC,GH,RMB,563,856,856,
199375,TELEX,P,RMB,,,,190
199375,EIR,X,RMB,,,,50
200293,GJF,GH,RMB,64,96,96,
200293,DCF,P,RMB,,,,102
200293,DOC,P,RMB,,,,500
200293,SEAL,X,RMB,,,,30
200293,THC,GH,RMB,646,982,982,
199383,GJF,GH,RMB,64,96,96,
200293,TELEX,P,RMB,,,,300
200293,EIR,X,RMB,,,,30
199383,DCF,P,RMB,,,,82
199383,DOC,P,RMB,,,,450
199383,SEAL,X,RMB,,,,50
199383,THC,GH,RMB,563,856,856,
199383,TELEX,P,RMB,,,,190
199383,EIR,X,RMB,,,,50
200250,GJF,GH,RMB,64,96,96,
200250,DCF,P,RMB,,,,102
200250,DOC,P,RMB,,,,500
200250,SEAL,X,RMB,,,,30
200250,THC,GH,RMB,646,982,982,
200250,TELEX,P,RMB,,,,300
200250,EIR,X,RMB,,,,30
199539,GJF,GH,RMB,64,96,96,
199539,DCF,P,RMB,,,,82
199539,DOC,P,RMB,,,,450
199539,SEAL,X,RMB,,,,40
199539,THC,GH,RMB,566,887,887,
199539,TELEX,P,RMB,,,,400
201144,GJF,GH,RMB,64,96,96,
199539,EIR,X,RMB,,,,30
201144,DCF,P,RMB,,,,102
201144,DOC,P,RMB,,,,500
201144,SEAL,X,RMB,,,,30
201144,THC,GH,RMB,646,982,982,
201144,TELEX,P,RMB,,,,300
201144,EIR,X,RMB,,,,30
201010,GJF,GH,RMB,64,96,96,
201010,DCF,P,RMB,,,,82
201010,DOC,P,RMB,,,,450
201010,SEAL,X,RMB,,,,30
201010,THC,GH,RMB,550,825,825,
201010,TELEX,P,RMB,,,,500
201010,EIR,X,RMB,,,,35
199384,GJF,GH,RMB,64,96,96,
199384,DCF,P,RMB,,,,82
199384,DOC,P,RMB,,,,450
199384,SEAL,X,RMB,,,,50
199384,THC,GH,RMB,563,856,856,
199384,TELEX,P,RMB,,,,190
199384,EIR,X,RMB,,,,50
201081,GJF,GH,RMB,64,96,96,
200017,GJF,GH,RMB,64,96,96,
201081,DCF,P,RMB,,,,82
200017,DCF,P,RMB,,,,82
201081,DOC,P,RMB,,,,450
201713,GJF,GH,RMB,64,96,96,
200017,DOC,P,RMB,,,,450
201081,SEAL,X,RMB,,,,50
201713,DCF,P,RMB,,,,82
200017,SEAL,X,RMB,,,,30
201081,THC,GH,RMB,563,856,856,
201713,DOC,P,RMB,,,,450
200017,THC,GH,RMB,550,825,825,
201081,TELEX,P,RMB,,,,190
200017,TELEX,P,RMB,,,,500
201081,EIR,X,RMB,,,,50
201713,SEAL,X,RMB,,,,40
201713,THC,GH,RMB,566,887,887,
201713,TELEX,P,RMB,,,,400
201713,EIR,X,RMB,,,,30
200018,GJF,GH,RMB,64,96,96,
200018,DCF,P,RMB,,,,82
200018,DOC,P,RMB,,,,450
201006,GJF,GH,RMB,64,96,96,
200018,SEAL,X,RMB,,,,30
201006,DCF,P,RMB,,,,82
200018,THC,GH,RMB,550,825,825,
201006,DOC,P,RMB,,,,450
200018,TELEX,P,RMB,,,,500
201006,SEAL,X,RMB,,,,30
200018,EIR,X,RMB,,,,35
201006,THC,GH,RMB,550,825,825,
201006,TELEX,P,RMB,,,,500
201006,EIR,X,RMB,,,,35
218998,GJF,GH,RMB,64,96,96,
218998,DCF,P,RMB,,,,82
218998,DOC,P,RMB,,,,450
218998,SEAL,X,RMB,,,,40
218998,THC,GH,RMB,566,887,887,
218998,TELEX,P,RMB,,,,400
218998,EIR,X,RMB,,,,30
200269,GJF,GH,RMB,64,96,96,
200269,DCF,P,RMB,,,,102
200269,DOC,P,RMB,,,,500
200269,SEAL,X,RMB,,,,30
199376,GJF,GH,RMB,64,96,96,
200269,THC,GH,RMB,646,982,982,
199376,DCF,P,RMB,,,,82
200269,TELEX,P,RMB,,,,300
199376,DOC,P,RMB,,,,450
200269,EIR,X,RMB,,,,30
199376,SEAL,X,RMB,,,,50
199376,THC,GH,RMB,563,856,856,
199376,TELEX,P,RMB,,,,190
199376,EIR,X,RMB,,,,50
200324,GJF,GH,RMB,64,96,96,
200324,DCF,P,RMB,,,,102
200324,DOC,P,RMB,,,,500
200324,SEAL,X,RMB,,,,30
200324,THC,GH,RMB,646,982,982,
200324,TELEX,P,RMB,,,,300
200324,EIR,X,RMB,,,,30
201007,GJF,GH,RMB,64,96,96,
201007,DCF,P,RMB,,,,82
201007,DOC,P,RMB,,,,450
201007,SEAL,X,RMB,,,,30
201007,THC,GH,RMB,550,825,825,
201007,TELEX,P,RMB,,,,500
201007,EIR,X,RMB,,,,35
201298,GJF,GH,RMB,64,96,96,
201298,DCF,P,RMB,,,,82
201298,DOC,P,RMB,,,,450
201298,SEAL,X,RMB,,,,30
201298,THC,GH,RMB,656,963,963,
201298,TELEX,P,RMB,,,,300
201298,EIR,X,RMB,,,,20
201132,GJF,GH,RMB,64,96,96,
201132,DCF,P,RMB,,,,102
201132,DOC,P,RMB,,,,500
201132,SEAL,X,RMB,,,,30
201132,THC,GH,RMB,646,982,982,
201132,TELEX,P,RMB,,,,300
201132,EIR,X,RMB,,,,30
201292,GJF,GH,RMB,64,96,96,
201310,GJF,GH,RMB,64,96,96,
201310,DCF,P,RMB,,,,82
201292,DCF,P,RMB,,,,82
201310,DOC,P,RMB,,,,450
219011,GJF,GH,RMB,64,96,96,
201310,SEAL,X,RMB,,,,30
201292,DOC,P,RMB,,,,450
219011,DCF,P,RMB,,,,82
201310,THC,GH,RMB,656,963,963,
201292,SEAL,X,RMB,,,,30
201292,THC,GH,RMB,656,963,963,
219011,SEAL,X,RMB,,,,40
201310,TELEX,P,RMB,,,,300
219011,THC,GH,RMB,566,887,887,
201292,TELEX,P,RMB,,,,300
201310,EIR,X,RMB,,,,20
201292,EIR,X,RMB,,,,20
219011,TELEX,P,RMB,,,,400
219011,EIR,X,RMB,,,,30
200244,GJF,GH,RMB,64,96,96,
200244,DCF,P,RMB,,,,102
200244,DOC,P,RMB,,,,500
200244,SEAL,X,RMB,,,,30
200244,THC,GH,RMB,646,982,982,
200244,TELEX,P,RMB,,,,300
200244,EIR,X,RMB,,,,30
201146,GJF,GH,RMB,64,96,96,
201146,DCF,P,RMB,,,,102
201146,DOC,P,RMB,,,,500
201146,SEAL,X,RMB,,,,30
201146,THC,GH,RMB,646,982,982,
201146,TELEX,P,RMB,,,,300
201146,EIR,X,RMB,,,,30
200268,GJF,GH,RMB,64,96,96,
200305,GJF,GH,RMB,64,96,96,
200268,DCF,P,RMB,,,,102
200268,DOC,P,RMB,,,,500
200305,DCF,P,RMB,,,,102
200268,SEAL,X,RMB,,,,30
200305,DOC,P,RMB,,,,500
200268,THC,GH,RMB,646,982,982,
200305,SEAL,X,RMB,,,,30
200305,THC,GH,RMB,646,982,982,
200305,TELEX,P,RMB,,,,300
200268,TELEX,P,RMB,,,,300
200268,EIR,X,RMB,,,,30
200305,EIR,X,RMB,,,,30
201079,GJF,GH,RMB,64,96,96,
201079,DCF,P,RMB,,,,82
201079,DOC,P,RMB,,,,450
199546,GJF,GH,RMB,64,96,96,
201079,SEAL,X,RMB,,,,50
199546,DCF,P,RMB,,,,82
201079,THC,GH,RMB,563,856,856,
199546,DOC,P,RMB,,,,450
201079,TELEX,P,RMB,,,,190
199546,SEAL,X,RMB,,,,40
201079,EIR,X,RMB,,,,50
199546,THC,GH,RMB,566,887,887,
199987,GJF,GH,RMB,64,96,96,
199546,TELEX,P,RMB,,,,400
199987,DCF,P,RMB,,,,82
199546,EIR,X,RMB,,,,30
199987,DOC,P,RMB,,,,450
199987,SEAL,X,RMB,,,,30
199987,THC,GH,RMB,550,825,825,
199987,TELEX,P,RMB,,,,500
199987,EIR,X,RMB,,,,35
200323,GJF,GH,RMB,64,96,96,
200249,GJF,GH,RMB,64,96,96,
200323,DCF,P,RMB,,,,102
200249,DCF,P,RMB,,,,102
200323,DOC,P,RMB,,,,500
200249,DOC,P,RMB,,,,500
200323,SEAL,X,RMB,,,,30
200249,SEAL,X,RMB,,,,30
200323,THC,GH,RMB,646,982,982,
200323,TELEX,P,RMB,,,,300
200249,THC,GH,RMB,646,982,982,
200323,EIR,X,RMB,,,,30
200249,TELEX,P,RMB,,,,300
200249,EIR,X,RMB,,,,30
200241,GJF,GH,RMB,64,96,96,
200020,GJF,GH,RMB,64,96,96,
200241,DCF,P,RMB,,,,102
200020,DCF,P,RMB,,,,82
200241,DOC,P,RMB,,,,500
200020,DOC,P,RMB,,,,450
200241,SEAL,X,RMB,,,,30
200020,SEAL,X,RMB,,,,30
200241,THC,GH,RMB,646,982,982,
200020,THC,GH,RMB,550,825,825,
200241,TELEX,P,RMB,,,,300
200020,TELEX,P,RMB,,,,500
200241,EIR,X,RMB,,,,30
200020,EIR,X,RMB,,,,35
199990,GJF,GH,RMB,64,96,96,
199990,DCF,P,RMB,,,,82
199990,DOC,P,RMB,,,,450
199990,SEAL,X,RMB,,,,30
199990,THC,GH,RMB,550,825,825,
199990,TELEX,P,RMB,,,,500
199990,EIR,X,RMB,,,,35
200039,GJF,GH,RMB,64,96,96,
200046,GJF,GH,RMB,64,96,96,
200039,DCF,P,RMB,,,,82
200046,DCF,P,RMB,,,,82
200046,DOC,P,RMB,,,,450
200039,DOC,P,RMB,,,,450
200046,SEAL,X,RMB,,,,30
200039,SEAL,X,RMB,,,,30
200046,THC,GH,RMB,550,825,825,
200039,THC,GH,RMB,550,825,825,
200046,TELEX,P,RMB,,,,500
200039,TELEX,P,RMB,,,,500
200046,EIR,X,RMB,,,,35
200039,EIR,X,RMB,,,,35
199552,GJF,GH,RMB,64,96,96,
199552,DCF,P,RMB,,,,82
199552,DOC,P,RMB,,,,450
199552,SEAL,X,RMB,,,,40
199552,THC,GH,RMB,566,887,887,
199552,TELEX,P,RMB,,,,400
199552,EIR,X,RMB,,,,30
199499,GJF,GH,RMB,64,96,96,
200054,GJF,GH,RMB,64,96,96,
199499,DCF,P,RMB,,,,82
200054,DCF,P,RMB,,,,82
199499,DOC,P,RMB,,,,450
200054,DOC,P,RMB,,,,450
199499,SEAL,X,RMB,,,,40
200054,SEAL,X,RMB,,,,30
199499,THC,GH,RMB,566,887,887,
200054,THC,GH,RMB,550,825,825,
199499,TELEX,P,RMB,,,,400
200054,TELEX,P,RMB,,,,500
199499,EIR,X,RMB,,,,30
200054,EIR,X,RMB,,,,35
199378,GJF,GH,RMB,64,96,96,
199378,DCF,P,RMB,,,,82
199378,DOC,P,RMB,,,,450
199378,SEAL,X,RMB,,,,50
199378,THC,GH,RMB,563,856,856,
199378,TELEX,P,RMB,,,,190
199378,EIR,X,RMB,,,,50
200044,GJF,GH,RMB,64,96,96,
200044,DCF,P,RMB,,,,82
200044,DOC,P,RMB,,,,450
200044,SEAL,X,RMB,,,,30
200044,THC,GH,RMB,550,825,825,
200044,TELEX,P,RMB,,,,500
200044,EIR,X,RMB,,,,35
199554,GJF,GH,RMB,64,96,96,
199554,DCF,P,RMB,,,,82
199554,DOC,P,RMB,,,,450
199554,SEAL,X,RMB,,,,40
199554,THC,GH,RMB,566,887,887,
199554,TELEX,P,RMB,,,,400
199554,EIR,X,RMB,,,,30
199377,GJF,GH,RMB,64,96,96,
200295,GJF,GH,RMB,64,96,96,
199377,DCF,P,RMB,,,,82
200295,DCF,P,RMB,,,,102
199377,DOC,P,RMB,,,,450
200295,DOC,P,RMB,,,,500
199377,SEAL,X,RMB,,,,50
200295,SEAL,X,RMB,,,,30
199377,THC,GH,RMB,563,856,856,
200295,THC,GH,RMB,646,982,982,
199377,TELEX,P,RMB,,,,190
200295,TELEX,P,RMB,,,,300
200295,EIR,X,RMB,,,,30
199377,EIR,X,RMB,,,,50
201084,GJF,GH,RMB,64,96,96,
201020,GJF,GH,RMB,64,96,96,
201084,DCF,P,RMB,,,,82
201020,DCF,P,RMB,,,,82
201084,DOC,P,RMB,,,,450
201020,DOC,P,RMB,,,,450
201084,SEAL,X,RMB,,,,50
201020,SEAL,X,RMB,,,,30
201084,THC,GH,RMB,563,856,856,
201020,THC,GH,RMB,550,825,825,
201084,TELEX,P,RMB,,,,190
200328,GJF,GH,RMB,64,96,96,
201020,TELEX,P,RMB,,,,500
201084,EIR,X,RMB,,,,50
201020,EIR,X,RMB,,,,35
200328,DCF,P,RMB,,,,102
200328,DOC,P,RMB,,,,500
200040,DOC,P,RMB,,,,450
200328,SEAL,X,RMB,,,,30
200040,SEAL,X,RMB,,,,30
200328,THC,GH,RMB,646,982,982,
200040,THC,GH,RMB,550,825,825,
200328,TELEX,P,RMB,,,,300
200040,TELEX,P,RMB,,,,500
200328,EIR,X,RMB,,,,30
200040,EIR,X,RMB,,,,35
200296,GJF,GH,RMB,64,96,96,
200296,DCF,P,RMB,,,,102
200296,DOC,P,RMB,,,,500
200296,SEAL,X,RMB,,,,30
200296,THC,GH,RMB,646,982,982,
200296,TELEX,P,RMB,,,,300
200296,EIR,X,RMB,,,,30
219012,GJF,GH,RMB,64,96,96,
219012,DCF,P,RMB,,,,82
219012,DOC,P,RMB,,,,450
219012,SEAL,X,RMB,,,,40
219012,THC,GH,RMB,566,887,887,
219012,TELEX,P,RMB,,,,400
200294,GJF,GH,RMB,64,96,96,
219012,EIR,X,RMB,,,,30
200294,DCF,P,RMB,,,,102
200294,DOC,P,RMB,,,,500
200294,SEAL,X,RMB,,,,30
200294,THC,GH,RMB,646,982,982,
200294,TELEX,P,RMB,,,,300
200294,EIR,X,RMB,,,,30
199379,GJF,GH,RMB,64,96,96,
199379,DCF,P,RMB,,,,82
199379,DOC,P,RMB,,,,450
199379,SEAL,X,RMB,,,,50
199379,THC,GH,RMB,563,856,856,
199379,TELEX,P,RMB,,,,190
199379,EIR,X,RMB,,,,50
199543,GJF,GH,RMB,64,96,96,
199543,DCF,P,RMB,,,,82
199543,DOC,P,RMB,,,,450
199543,SEAL,X,RMB,,,,40
199381,GJF,GH,RMB,64,96,96,
199543,THC,GH,RMB,566,887,887,
199381,DCF,P,RMB,,,,82
199543,TELEX,P,RMB,,,,400
199381,DOC,P,RMB,,,,450
199543,EIR,X,RMB,,,,30
199381,SEAL,X,RMB,,,,50
199381,THC,GH,RMB,563,856,856,
199381,TELEX,P,RMB,,,,190
199381,EIR,X,RMB,,,,50
199380,GJF,GH,RMB,64,96,96,
199380,DCF,P,RMB,,,,82
199380,DOC,P,RMB,,,,450
199380,SEAL,X,RMB,,,,50
199380,THC,GH,RMB,563,856,856,
199380,TELEX,P,RMB,,,,190
199380,EIR,X,RMB,,,,50
212288,GJF,GH,RMB,64,96,96,
212288,DCF,P,RMB,,,,82
212288,DOC,P,RMB,,,,450
212288,SEAL,X,RMB,,,,30
212288,THC,GH,RMB,550,825,825,
212288,TELEX,P,RMB,,,,500
212288,EIR,X,RMB,,,,35
